Site,Chi-square value,p-value,Degree of freedom,Group1 Residues,Group2 Residues,Diagnostic Residue,Sensitivity,Specificity,F-measure
 1 , 3835.05234271001 , 0 , 7 ,"16 -, 1219 F, 8 L","477 -, 154 A, 2928 F, 258 I, 1 L, 11179 M, 2 T, 10 X",F,0.9806918744971842,0.8049170497701379,0.45231910946196663
 2 , 3664.85470083992 , 0 , 8 ,"15 -, 56 H, 1164 N, 1 S, 3 T, 4 Y","475 -, 155 H, 2928 N, 2 P, 11440 R, 1 S, 8 X",N,0.9364440868865648,0.8049170497701379,0.43636363636363634
 3 , 42.7400955528584 , 3.74407920602387e-07 , 7 ,"15 -, 1224 C, 2 F, 1 R, 1 S","444 -, 14544 C, 2 M, 2 R, 3 S, 5 W, 9 X",C,0.9847144006436042,0.030981411153308016,0.14390688378108282
 4 , 3819.27811824761 , 0 , 10 ,"13 -, 1225 L, 2 P, 3 R","444 -, 1 A, 3943 I, 2928 L, 1 M, 1 P, 2 R, 1 S, 1 T, 7678 V, 9 X",L,0.9855189058728882,0.8049170497701379,0.4540400296515938
 5 , 17.6638399022816 , 0.00339859762915002 , 5 ,"12 -, 1231 G","443 -, 1 E, 14554 G, 1 P, 2 R, 8 X",G,0.9903459372485921,0.03031514424678526,0.14458538877143529
 6 , 4074.16981492508 , 0 , 11 ,"11 -, 1 I, 3 K, 2 L, 1223 M, 1 N, 2 R","435 -, 1 E, 1 F, 7964 I, 5 L, 2755 M, 190 T, 3649 V, 9 X",M,0.9839098954143202,0.8164434672529816,0.46849262593372915
 7 , 1062.02601257691 , 7.22889467390943e-223 , 9 ,"11 -, 2 A, 1 E, 1229 G","434 -, 24 A, 3 C, 1 D, 3 E, 7687 G, 1 N, 6704 S, 145 T, 7 X",G,0.9887369267900241,0.48784062895595975,0.24195294812481544
 8 , 394.614110735852 , 1.31777947446386e-78 , 10 ,"10 -, 6 D, 7 H, 1 I, 1213 N, 1 Q, 1 S, 3 T, 1 Y","430 -, 169 D, 3 H, 2 I, 2 K, 11834 N, 2560 S, 8 X, 1 Y",N,0.9758648431214803,0.21153974282097407,0.16976906927921623
 9 , 46.3604994906907 , 2.0298330413383e-07 , 8 ,"8 -, 1 A, 1233 R, 1 W","426 -, 1 I, 1 K, 1 P, 14571 R, 1 S, 8 X",R,0.9919549477071601,0.029182490505696584,0.14465888426116033
 10 , 60.8573171550725 , 2.49366959467204e-09 , 10 ,"8 -, 1231 D, 1 E, 1 F, 2 N","424 -, 4 A, 1 B, 14559 D, 3 E, 1 G, 4 H, 4 V, 9 X",D,0.9903459372485921,0.029982010793523885,0.1445429460459109
 11 , 5.31836358435565 , 0.378274093329644 , 5 ,"6 -, 1236 F, 1 L","153 -, 14842 F, 4 L, 1 S, 8 X, 1 Y",F,0.9943684633950121,0.011126657338929976,0.142716933202471
 12 , 14015.5821051344 , 0 , 9 ,"6 -, 1234 I, 1 L, 1 T, 1 V","151 -, 2 A, 1 E, 171 I, 3001 L, 1 M, 1 Q, 11673 V, 8 X",I,0.9927594529364441,0.9886068358984609,0.93202416918429
 13 , 16.2311538061426 , 0.00272416803612077 , 4 ,"2 -, 1239 E, 1 K, 1 Q","150 -, 14846 E, 3 K, 1 Q, 9 X",E,0.996781979082864,0.010860150576320874,0.14300554016620498
 14 , 29.4062967223933 , 1.8396871006179e-06 , 3 ,"2 -, 1237 G, 4 R","147 -, 14850 G, 4 R, 8 X",G,0.995172968624296,0.010593643813711773,0.14275822273514138
 15 , 13433.8915651106 , 0 , 12 ,"2 -, 1209 A, 1 S, 2 T, 29 V","145 -, 194 A, 1 D, 1 E, 1 F, 4 I, 6337 L, 257 M, 1 P, 2 T, 8058 V, 8 X",A,0.9726468222043443,0.9870744220134586,0.9138321995464853
 16 , 72.0974950308493 , 1.87655986931145e-12 , 8 ,"2 -, 2 G, 2 R, 1237 S","143 -, 168 H, 1 L, 1 P, 14680 S, 10 T, 6 X",S,0.995172968624296,0.021920181224598573,0.14417249417249417
 17 , 21.0438701047192 , 0.00180161362156053 , 6 ,"2 -, 1 E, 1239 G, 1 R","142 -, 1 A, 14852 G, 7 R, 1 V, 6 X",G,0.996781979082864,0.010460390432407223,0.14295604015230184
 18 , 700.364724588491 , 4.09634530854005e-149 , 5 ,"2 -, 1239 A, 1 P, 1 T","142 -, 9533 A, 5329 G, 5 X",A,0.996781979082864,0.36484775801185954,0.2062421972534332
 19 , 584.782193539751 , 4.60479927634663e-122 , 7 ,"2 -, 2 A, 1 P, 3 S, 1235 T","140 -, 1360 A, 8 P, 2 R, 3532 S, 9961 T, 1 V, 5 X",T,0.9935639581657281,0.3363315344126857,0.19856901680199374
 20 , 44.8326175150414 , 1.47381786427552e-07 , 7 ,"2 -, 1 G, 2 R, 1238 W","137 -, 1 C, 1 N, 6 S, 14860 W, 4 X",W,0.99597747385358,0.00992737690718902,0.1427829998269996
 21 , 50.9801627144001 , 1.76120938254983e-07 , 10 ,"2 -, 1 A, 1 G, 1 M, 1238 V","136 -, 1 F, 203 I, 6 L, 4 M, 1 N, 14654 V, 1 W, 3 X",V,0.99597747385358,0.023652475181557733,0.1444995622993872
 22 , 52.2252298876277 , 1.03662165267528e-07 , 10 ,"2 -, 1237 D, 1 E, 1 G, 1 R, 1 Y","135 -, 14692 D, 5 E, 1 H, 1 M, 169 S, 2 V, 3 X, 1 Y",D,0.995172968624296,0.02112066093677127,0.14407174470067552
 23 , 2418.51686042631 , 0 , 9 ,"2 -, 1 F, 1237 L, 1 S, 1 V, 1 W","135 -, 171 A, 3537 I, 4562 L, 1 M, 1 S, 6597 V, 1 W, 4 X",L,0.995172968624296,0.6960490372443201,0.35132064754331155
 24 , 48.8045334570694 , 1.02549681710203e-06 , 11 ,"2 -, 2 G, 1239 V","135 -, 1 A, 2 E, 1 F, 24 I, 1 L, 1 S, 168 T, 14671 V, 4 X, 1 Y",V,0.996781979082864,0.022519821440469052,0.1444645251559494
 25 , 43.6128761233386 , 2.53943291295815e-07 , 7 ,"2 -, 1238 L, 3 P","126 -, 1 I, 14875 L, 1 Q, 1 V, 1 W, 4 X",L,0.99597747385358,0.008927976547404891,0.14265959898594147
 26 , 11.1401630345124 , 0.132620956045871 , 7 ,"1 -, 1241 E, 1 G","126 -, 3 D, 14869 E, 3 G, 1 K, 1 Q, 1 S, 5 X",E,0.998390989541432,0.009327736691318542,0.14303002362703857
 27 , 3616.98289842779 , 0 , 9 ,"1 -, 3 A, 2 E, 1236 G, 1 R","112 -, 3198 G, 11524 H, 1 L, 1 M, 169 Q, 4 X",G,0.9943684633950121,0.7869278432940235,0.4354412541835476
 28 , 3617.73748602926 , 0 , 8 ,"1 -, 1 A, 1237 D, 1 G, 1 K, 1 N, 1 Y","52 -, 3178 D, 1 E, 11774 G, 4 X",D,0.995172968624296,0.7882603771070691,0.4372569812654648
 29 , 430.889751117883 , 4.58561891191478e-88 , 8 ,"1 A, 1 G, 1 N, 1240 S","52 -, 18 A, 1 E, 3649 G, 169 K, 11115 S, 1 V, 4 X",S,0.997586484312148,0.25944433339996004,0.18237976172966613
 30 , 29.4419659998762 , 0.000265159309213225 , 8 ,"1241 C, 1 S, 1 Y","52 -, 1 A, 14945 C, 1 F, 1 R, 4 W, 5 X",C,0.998390989541432,0.004264108201745619,0.14240633427046875
 31 , 16156.7416019868 , 0 , 8 ,"1240 L, 3 S","52 -, 2 A, 1 F, 2 G, 9 I, 6 L, 1 S, 14931 V, 5 X",L,0.997586484312148,0.9996002398560864,0.9963840899959823
 32 , 10.5532477626332 , 0.159328052539247 , 7 ,"1 R, 1242 T","52 -, 3 H, 1 I, 1 K, 1 R, 4 S, 14942 T, 5 X",T,0.999195494770716,0.004463988273702446,0.14253744190049922
 33 , 3896.97927654627 , 0 , 10 ,"1222 I, 20 L, 1 V","38 -, 2 A, 1 E, 3029 I, 1 L, 3 N, 1 P, 3 S, 11311 T, 614 V, 6 X",I,0.9831053901850362,0.7981877540142581,0.4448489261012013
 34 , 35.7488379169839 , 1.95199208046434e-05 , 8 ,"1 I, 2 L, 1238 M, 2 S","35 -, 24 I, 3 L, 14937 M, 1 Q, 2 T, 2 V, 5 X",M,0.99597747385358,0.004797121726963821,0.14215179699161787
 35 , 382.783944433686 , 1.17067348154051e-78 , 7 ,"1237 A, 6 V","35 -, 11942 A, 2 E, 2 P, 3020 S, 1 T, 7 X",A,0.995172968624296,0.20434406023052834,0.1715434752461517
 36 , 16237.7098473185 , 0 , 10 ,"5 D, 1 K, 1219 N, 18 S","32 -, 8 E, 12948 K, 356 P, 1631 Q, 28 R, 1 T, 5 X",N,0.9806918744971842,1.0,0.9902518277822908
 37 , 1474.43174913277 , 6.37110515082602e-312 , 9 ,"1241 D, 1 E, 1 R","32 -, 6529 D, 187 E, 1389 G, 1 K, 6801 N, 64 S, 1 T, 5 X",D,0.998390989541432,0.5649943367312945,0.2753800066570509
 38 , 45.3429080049827 , 1.17319311448475e-07 , 7 ,"1234 K, 1 N, 1 Q, 7 R","32 -, 3 E, 14956 K, 1 M, 2 N, 10 R, 5 X",K,0.9927594529364441,0.003531214604570591,0.14157058452360466
 39 , 3.22965727729328 , 0.52015414771034 , 4 ,1243 P,"32 -, 1 L, 14970 P, 1 V, 5 X",P,1.0,0.002598440935438737,0.14241521539871677
 40 , 56.4660151168866 , 2.34307137253574e-10 , 6 ,"2 A, 2 I, 1239 T","32 -, 1 A, 3 P, 169 S, 14798 T, 6 X",T,0.996781979082864,0.014058231727630089,0.14340277777777777
 41 , 415.346803116144 , 1.218142022376e-85 , 7 ,"1237 L, 6 S","32 -, 3023 I, 11686 L, 2 M, 2 R, 259 V, 5 X",L,0.995172968624296,0.22140049303751083,0.17464351263588876
 42 , 8.39284664136956 , 0.135872903784327 , 5 ,"1242 D, 1 G","32 -, 1 A, 14968 D, 1 G, 2 V, 5 X",D,0.999195494770716,0.002731694316743287,0.14232510170171317
 43 , 3797.02623804457 , 0 , 8 ,"1 A, 1 R, 1241 V","32 -, 5152 F, 6771 I, 25 L, 1 M, 3022 V, 6 X",V,0.998390989541432,0.798654140848824,0.45078096621867053
 44 , 16083.6366920399 , 0 , 7 ,1243 R,"32 -, 3 D, 11582 E, 3 G, 3201 K, 12 R, 171 S, 5 X",R,1.0,0.9992004797121727,0.9951961569255404
 45 , 3774.63791155917 , 0 , 6 ,"1242 M, 1 V","32 -, 5 F, 11753 L, 3023 M, 1 P, 190 V, 5 X",M,0.999195494770716,0.7985875141581718,0.45098039215686275
 46 , 2899.53184176263 , 0 , 12 ,"1235 I, 7 T, 1 V","32 -, 3 A, 143 E, 4 F, 3852 I, 1 K, 4310 L, 3194 M, 2061 Q, 1 S, 1130 T, 273 V, 5 X",I,0.9935639581657281,0.7433539876074355,0.3902053712480253
 47 , 3788.87148556741 , 0 , 9 ,"1 D, 1 K, 1241 N","32 -, 2 E, 11504 K, 1 M, 3017 N, 12 R, 5 S, 430 T, 6 X",N,0.998390989541432,0.7989872743020854,0.4511906926013452
 48 , 16223.6089139129 , 0 , 9 ,1243 I,"32 -, 2 A, 2 I, 3210 M, 1 P, 1 Q, 1 S, 11585 T, 170 V, 5 X",I,1.0,0.9998667466186955,0.9991961414790996
 49 , 253.509678747816 , 5.14193194671172e-48 , 11 ,"1233 E, 10 K","32 -, 171 A, 4 D, 13132 E, 6 G, 1 I, 4 K, 2 P, 2 S, 1626 T, 25 V, 4 X",E,0.9919549477071601,0.12505829835432075,0.1579958995386981
 50 , 579.409067964761 , 6.60666765740458e-121 , 7 ,"1240 A, 3 P","32 -, 10218 A, 169 I, 2 P, 1 T, 4582 V, 4 X, 1 Y",A,0.997586484312148,0.31920847491505094,0.1952602157310448
 51 , 12900.2400856801 , 0 , 14 ,"1 C, 2 N, 1195 S, 10 T, 35 V","32 -, 2983 A, 169 D, 2 I, 4985 K, 5 M, 1 N, 2 P, 1 Q, 3 R, 269 S, 6545 T, 8 V, 4 X",S,0.9613837489943685,0.9820774202145379,0.8828961950498707
 52 , 2488.35679898015 , 0 , 13 ,"8 E, 2 P, 1233 Q","32 -, 38 D, 1596 E, 119 G, 1182 H, 2 K, 4 L, 7548 N, 4423 Q, 51 R, 8 S, 4 X, 2 Y",Q,0.9919549477071601,0.7053101472449863,0.3574431076967676
 53 , 1906.80018984162 , 0 , 8 ,"1242 L, 1 P","31 -, 1 I, 5472 L, 266 M, 7846 P, 18 S, 1 T, 1370 V, 4 X",L,0.999195494770716,0.6354187487507496,0.312177956516275
 54 , 10.3865084507028 , 0.167707754736469 , 7 ,"1242 A, 1 T","31 -, 14944 A, 1 E, 2 G, 1 S, 1 T, 24 V, 5 X",A,0.999195494770716,0.0043307348923978944,0.1425210855470767
 55 , 3406.62444107248 , 0 , 12 ,"1 D, 1240 E, 2 K","31 -, 8 A, 82 D, 3368 E, 3 G, 584 I, 1370 L, 1 N, 3 S, 5808 T, 3747 V, 4 X",E,0.997586484312148,0.7756013058831368,0.4238591693727568
 56 , 3244.65722597674 , 0 , 7 ,"2 I, 1241 V","31 -, 121 A, 6 I, 11327 L, 1 M, 2 P, 3516 V, 5 X",V,0.998390989541432,0.7657405556666,0.4136666666666667
 57 , 3.96904089974335 , 0.913438325798995 , 9 ,1243 R,"31 -, 1 C, 2 G, 1 H, 1 K, 2 L, 14961 R, 3 S, 4 T, 3 X",R,1.0,0.0031980811513092145,0.14248868000229264
 58 , 3428.92965472157 , 0 , 11 ,"1 A, 2 R, 1231 S, 9 T","31 -, 2 A, 3 D, 180 E, 3 H, 1 I, 10135 K, 1 N, 3 R, 3278 S, 1368 T, 4 X",S,0.9903459372485921,0.7815977080418416,0.4280250347705146
 59 , 925.691472311276 , 1.87908313371447e-192 , 10 ,"1 H, 1242 Y","31 -, 26 F, 1 G, 6342 L, 1 M, 2 P, 2 S, 169 V, 3 X, 8432 Y",Y,0.999195494770716,0.43820374442001464,0.22753503709810388
 60 , 28.113677444299 , 0.000209702705974084 , 7 ,"1241 C, 2 Y","31 -, 14961 C, 1 G, 1 R, 1 S, 10 W, 4 X",C,0.998390989541432,0.0031980811513092145,0.1422757237030668
 61 , 3133.96301167651 , 0 , 10 ,"1 H, 1242 Y","31 -, 3 F, 2 H, 10802 I, 1 K, 1 L, 2 M, 1 T, 525 V, 3 X, 3638 Y",Y,0.999195494770716,0.7576120994070225,0.40568348848603625
 62 , 16240.4962272444 , 0 , 14 ,"1238 H, 4 R, 1 Y","31 -, 9 A, 1 D, 11758 E, 4 G, 17 K, 3007 L, 118 N, 1 Q, 1 R, 57 S, 2 V, 3 X",H,0.99597747385358,1.0,0.9979846835953244
 63 , 197.204389610893 , 1.12562678157048e-40 , 5 ,1243 A,"31 -, 12932 A, 2035 G, 4 T, 5 V, 2 X",A,1.0,0.1383836364847758,0.1612401089635491
 64 , 7498.19587936285 , 0 , 11 ,"2 L, 1230 S, 11 T","31 -, 16 A, 1 I, 9941 K, 537 L, 1 M, 1 Q, 22 R, 1192 S, 3096 T, 169 V, 2 X",S,0.9895414320193081,0.9205809847424878,0.6712141882673943
 65 , 3729.97642357731 , 0 , 8 ,"1 A, 8 I, 1234 V","31 -, 6 A, 7975 I, 3976 L, 2 M, 1 T, 3015 V, 1 W, 2 X",V,0.9927594529364441,0.7991205276833899,0.4493809176984705
 66 , 1866.42417008616 , 0 , 12 ,"10 A, 2 I, 1 N, 1 P, 1 S, 1228 T","31 -, 181 D, 1 G, 1 L, 7 N, 2 R, 8956 S, 5826 T, 1 V, 3 X",T,0.9879324215607401,0.611832900259844,0.29601060624322045
 67 , 3530.00356025241 , 0 , 7 ,"1242 D, 1 H","31 -, 3237 D, 57 E, 149 H, 1 K, 11343 N, 188 T, 3 X",D,0.999195494770716,0.7843294023585848,0.4341139461726669
 68 , 3712.82314575914 , 0 , 8 ,1243 I,"31 -, 1 A, 3081 I, 3207 L, 258 M, 2 S, 7922 T, 503 V, 4 X",I,1.0,0.7947231661003398,0.4465600862223819
 69 , 3565.17571072586 , 0 , 7 ,1243 S,"30 -, 258 A, 3 I, 169 K, 3211 S, 11330 T, 2 V, 6 X",S,1.0,0.786061696315544,0.4363700193084079
 70 , 53.1361805590058 , 1.01495323408468e-08 , 8 ,"1 K, 1242 T","30 -, 1 A, 177 I, 1 L, 3 P, 266 S, 14527 T, 4 X",T,0.999195494770716,0.03211406489439669,0.14601457794498002
 71 , 13936.6843863489 , 0 , 12 ,"1 A, 1242 V","30 -, 2833 A, 6708 D, 2044 E, 3 G, 2945 K, 175 N, 2 P, 72 R, 5 S, 1 T, 187 V, 4 X",V,0.999195494770716,0.9875408088480245,0.9296407185628742
 72 , 3551.61225452421 , 0 , 10 ,"1241 A, 2 T","30 -, 3211 A, 1 C, 169 D, 2 F, 1 H, 2 P, 10219 S, 1368 T, 5 X, 1 Y",A,0.998390989541432,0.786061696315544,0.43582089552238806
 73 , 334.348481483525 , 1.97844122476434e-67 , 8 ,1243 R,"30 -, 3023 A, 2 G, 1 I, 171 K, 1 L, 11775 R, 1 V, 5 X",R,1.0,0.21547071756945832,0.17432157632704579
 74 , 8.06048605278536 , 0.152933476600684 , 5 ,"1242 C, 1 S","30 -, 14972 C, 1 R, 1 S, 1 W, 4 X",C,0.999195494770716,0.002465187554134186,0.1422924901185771
 75 , 3.06125928216425 , 0.690541834089944 , 5 ,1243 P,"30 -, 1 C, 1 L, 14972 P, 1 S, 4 X",P,1.0,0.002465187554134186,0.14239890021766524
 76 , 379.584667174258 , 5.67656107953153e-78 , 7 ,"2 A, 30 M, 1211 T","30 -, 18 A, 1 I, 1 P, 170 S, 14785 T, 4 X",T,0.9742558326629123,0.014924378706109668,0.14049538836359418
 77 , 12326.0822042298 , 0 , 8 ,"1 A, 1242 T","29 -, 1 H, 3 L, 3023 M, 11591 Q, 357 T, 1 V, 4 X",T,0.999195494770716,0.9762142714371377,0.8740323715693173
 78 , 14.8830453328348 , 0.0108739326837833 , 5 ,"1242 G, 1 R","29 -, 1 E, 14975 G, 1 N, 3 X",G,0.999195494770716,0.0022653074821773604,0.1422680412371134
 79 , 10.3882460662323 , 0.0649528310864315 , 5 ,"2 D, 1241 E","29 -, 3 D, 14970 E, 3 G, 1 V, 3 X",E,0.998390989541432,0.002598440935438737,0.142202360490432
 80 , 602.062718244433 , 5.54362558343903e-129 , 4 ,1243 A,"29 -, 9986 A, 4990 P, 1 V, 3 X",A,1.0,0.33466586714637886,0.19932649134060296
 81 , 3387.66613709979 , 0 , 13 ,1243 H,"28 -, 45 A, 1 C, 10 F, 3378 H, 715 I, 3 N, 1 P, 1 R, 3529 S, 4741 T, 932 V, 3 X, 1622 Y",H,1.0,0.774935038976614,0.42394270122783084
 82 , 3573.62027501075 , 0 , 11 ,"1242 N, 1 S","28 -, 1 E, 2 F, 1 I, 11759 L, 3210 N, 1 P, 1 Q, 1 R, 4 X, 1 Y",N,0.999195494770716,0.7861283230061963,0.43617208077260755
 83 , 14262.8688371919 , 0 , 14 ,"3 A, 7 D, 1199 E, 2 G, 15 K, 4 N, 3 Q, 10 T","28 -, 156 A, 3196 D, 110 E, 1 G, 2141 K, 4 L, 184 M, 2750 N, 2036 P, 1 Q, 68 S, 189 T, 4142 V, 3 X",E,0.9646017699115044,0.9926710640282497,0.9396551724137931
 84 , 3295.13524949396 , 0 , 7 ,"1240 K, 3 R","27 -, 1 D, 11501 E, 1 G, 3472 K, 3 R, 1 T, 3 X",K,0.997586484312148,0.7686721300553001,0.4164567590260285
 85 , 3572.81223533396 , 0 , 7 ,"3 G, 2 Q, 1238 R","27 -, 11501 E, 4 K, 1 N, 261 Q, 3212 R, 3 X",R,0.99597747385358,0.7859950696248917,0.43492007728789744
 86 , 3799.40944050625 , 0 , 12 ,"1241 A, 2 V","26 -, 3020 A, 2 G, 2 H, 1 L, 168 N, 1 P, 11328 Q, 4 R, 449 S, 5 T, 3 X",A,0.998390989541432,0.7987873942301286,0.45094476744186046
 87 , 66.7558916515571 , 2.1674703849807e-11 , 8 ,"1237 D, 6 Y","26 -, 14822 D, 144 E, 1 G, 4 H, 6 N, 1 V, 3 X, 2 Y",D,0.995172968624296,0.012459191151975482,0.14298924979771124
 88 , 15169.9211971736 , 0 , 14 ,"11 G, 1 R, 1231 S","26 -, 3800 A, 1 E, 170 G, 1 H, 3622 K, 2 L, 1 M, 3189 P, 3396 Q, 3 R, 69 S, 717 T, 8 V, 4 X",S,0.9903459372485921,0.995402758344993,0.968147856861974
 89 , 15347.8031695592 , 0 , 15 ,"3 C, 14 N, 1226 S","26 -, 2960 A, 168 D, 5 G, 2 H, 1 K, 6342 N, 1 P, 1631 Q, 3618 R, 52 S, 195 T, 4 V, 1 W, 3 X",S,0.9863234111021721,0.9965354120860817,0.9726299087663626
 90 , 3073.06329222012 , 0 , 9 ,1243 Y,"26 -, 2 C, 11085 F, 5 H, 8 L, 165 N, 6 S, 1 V, 4 X, 3707 Y",Y,1.0,0.7530148577520155,0.40142095914742454
 91 , 243.628012304507 , 9.42635740688559e-50 , 6 ,1243 V,"26 -, 170 A, 4 F, 2250 I, 36 L, 12518 V, 5 X",V,1.0,0.16596708641481778,0.1656891495601173
 92 , 3.14245651531013 , 0.790766418985857 , 6 ,1243 C,"26 -, 1 A, 14971 C, 2 R, 2 S, 6 X, 1 Y",C,1.0,0.0025318142447864614,0.14240705734089476
 93 , 1506.3385365595 , 1.48219693752374e-323 , 5 ,1243 K,"25 -, 6426 K, 2 N, 1 P, 8549 R, 6 X",K,1.0,0.5718568858684789,0.27894973070017953
 94 , 3756.94114684276 , 0 , 9 ,"1 H, 1 K, 1239 Q, 2 R","25 -, 5654 H, 1 K, 1 L, 1 P, 3026 Q, 6281 R, 1 T, 18 X, 1 Y",Q,0.996781979082864,0.7983876340862149,0.44989106753812635
 95 , 3777.98953590987 , 0 , 10 ,1243 G,"25 -, 5 A, 1548 D, 3026 G, 1 I, 1 K, 4 M, 10 N, 3620 S, 6763 T, 6 X",G,1.0,0.7983876340862149,0.45101596516690856
 96 , 2586.97130327809 , 0 , 8 ,"1230 F, 3 V, 10 Y","25 -, 4217 F, 40 I, 351 L, 3775 M, 1 S, 4388 V, 6 X, 2206 Y",F,0.9895414320193081,0.719035245519355,0.36771300448430494
 97 , 16251.8784774917 , 0 , 9 ,"1 A, 1242 T","25 -, 2 E, 1 G, 2 I, 2 L, 169 S, 14803 V, 5 X",T,0.999195494770716,1.0,0.9995975855130784
 98 , 3.30688809836311 , 0.855236418115042 , 7 ,1243 D,"25 -, 1 A, 14969 D, 4 G, 2 H, 3 N, 4 X, 1 Y",D,1.0,0.002665067626091012,0.1424233743912919
 99 , 14.8790468321149 , 0.0375814829820516 , 7 ,"1 P, 1242 R","25 -, 1 G, 1 I, 1 K, 14975 R, 2 T, 4 X",R,0.999195494770716,0.0022653074821773604,0.1422680412371134
 100 , 3.06124760602095 , 0.690543633766332 , 5 ,1243 G,"25 -, 1 E, 14972 G, 6 R, 1 V, 4 X",G,1.0,0.002465187554134186,0.14239890021766524
 101 , 2.97607149623489 , 0.811844069684183 , 6 ,1243 W,"25 -, 1 F, 1 M, 3 R, 1 S, 14973 W, 5 X",W,1.0,0.0023985608634819106,0.14239074402886764
 102 , 14.8830277616322 , 0.0108740113552593 , 5 ,"1242 G, 1 R","25 -, 3 A, 2 E, 14975 G, 4 X",G,0.999195494770716,0.0022653074821773604,0.1422680412371134
 103 , 149.374022585575 , 2.64841064486754e-28 , 8 ,"15 K, 1228 N","25 -, 6 D, 1 F, 1 G, 1 H, 3 K, 14966 N, 2 R, 4 X",N,0.9879324215607401,0.002864947698047838,0.1408499168434937
 104 , 2.48311940566735 , 0.478349510770239 , 3 ,1243 G,"25 -, 14979 G, 1 W, 4 X",G,1.0,0.001998800719568259,0.1423418265101632
 105 , 32.1200056323341 , 3.85871309473713e-05 , 7 ,"1240 C, 2 S, 1 W","25 -, 14973 C, 3 F, 1 R, 1 W, 4 X, 2 Y",C,0.997586484312148,0.0023985608634819106,0.14207149404216315
 106 , 8.14154955636516 , 0.227915411113354 , 6 ,"1242 G, 1 R","25 -, 2 C, 2 E, 14971 G, 1 R, 2 V, 6 X",G,0.999195494770716,0.0025318142447864614,0.1423006416131989
 107 , 291.33779959172 , 5.86768639938623e-60 , 6 ,"26 F, 1217 L","25 -, 2 F, 1 I, 14969 L, 2 P, 4 S, 6 X",L,0.9790828640386162,0.002665067626091012,0.13965230363187792
 108 , 75.7005587428456 , 1.03344036004003e-13 , 7 ,"1236 F, 6 S, 1 Y","25 -, 14969 F, 1 I, 6 L, 1 S, 1 V, 6 X",F,0.9943684633950121,0.002665067626091012,0.14167812929848694
 109 , 7.73027123727155 , 0.10197363015678 , 4 ,"1242 G, 1 R","25 -, 1 A, 14976 G, 1 R, 6 X",G,0.999195494770716,0.002198680791525085,0.14225989347689136
 110 , 3.13849464839996 , 0.925367799638647 , 8 ,1243 K,"25 -, 1 E, 1 F, 1 H, 14971 K, 1 N, 1 R, 7 X, 1 Y",K,1.0,0.0025318142447864614,0.14240705734089476
 111 , 7.8943552082368 , 0.16215483227838 , 5 ,"1242 G, 1 R","25 -, 2 F, 14974 G, 1 P, 1 R, 6 X",G,0.999195494770716,0.0023319341728296355,0.14227618993069477
 112 , 604.794351335656 , 2.18008185249692e-125 , 8 ,"1 N, 1242 S","25 -, 5 A, 1 E, 1 F, 4975 G, 1 I, 1 N, 9994 S, 6 X",S,0.999195494770716,0.33413285362116063,0.19905441141117078
 113 , 1296.57514842142 , 1.69892385978116e-273 , 9 ,"1236 I, 1 N, 6 V","25 -, 1 F, 6994 I, 6602 L, 1 P, 1 S, 1 T, 1378 V, 6 X",I,0.9943684633950121,0.5340129255779865,0.26095217987965796
 114 , 3570.45809152211 , 0 , 9 ,"1241 D, 2 N","25 -, 3211 D, 1 G, 2890 I, 1384 L, 35 M, 1 N, 1 T, 7455 V, 6 X",D,0.998390989541432,0.786061696315544,0.43582089552238806
 115 , 17.1014128405409 , 0.00184718707356026 , 4 ,1243 T,"25 -, 172 A, 1 S, 14805 T, 6 X",T,1.0,0.013591844893064161,0.14377421780116822
 116 , 5.61504596028131 , 0.467662319919844 , 6 ,"1242 C, 1 R","25 -, 14973 C, 1 F, 1 G, 2 R, 1 W, 6 X",C,0.999195494770716,0.0023985608634819106,0.14228433955779585
 117 , 15.2923673580926 , 0.0537037413115453 , 8 ,"1242 A, 1 P","6 -, 14970 A, 1 C, 1 D, 1 S, 4 T, 21 V, 5 X",A,0.999195494770716,0.002598440935438737,0.14230879404182184
 118 , 407.00232996786 , 4.38938463983548e-82 , 9 ,"1240 K, 2 Q, 1 R","6 -, 1 I, 11397 K, 1 L, 3591 M, 1 N, 6 R, 1 T, 5 X",K,0.997586484312148,0.2406556066360184,0.1786743515850144
 119 , 2.61337064842468 , 0.624456408089336 , 4 ,"1242 F, 1 L","4 -, 14995 F, 1 I, 3 L, 6 X",F,0.999195494770716,0.0009327736691318542,0.14210526315789473
 120 , 7933.49307808237 , 0 , 14 ,"1 F, 1 L, 1228 S, 3 T, 10 V","4 -, 3262 A, 4 E, 1 G, 5 H, 6 I, 4305 K, 267 L, 2031 Q, 10 R, 1112 S, 3996 T, 6 X",S,0.9879324215607401,0.9259111199946699,0.6854591124755791
 121 , 2.31290685515617 , 0.804369353643522 , 5 ,1243 C,"4 -, 14981 C, 1 G, 16 R, 1 W, 6 X",C,1.0,0.0018655473382637084,0.14232552813877597
 122 , 14892.6056377531 , 0 , 15 ,"4 A, 2 N, 10 S, 1227 T","4 -, 189 A, 1 C, 1 E, 3 I, 3773 K, 2164 L, 3 M, 1 P, 5 Q, 1 R, 4480 S, 88 T, 4290 V, 6 X",T,0.9871279163314561,0.9941368512225998,0.9593432369038312
 123 , 14880.8025514172 , 0 , 12 ,"10 H, 1 K, 127 N, 64 R, 1041 S","4 -, 4 A, 2033 E, 1369 G, 4047 K, 197 N, 6 Q, 3 R, 16 S, 7323 T, 6 X, 1 Y",S,0.8374899436846339,0.9989339729495635,0.9052173913043479
 124 , 750.869614449433 , 2.63415209053021e-150 , 15 ,"1242 K, 1 R","4 -, 1 A, 4 D, 1 E, 14 F, 11 I, 9182 K, 161 L, 3578 N, 1439 P, 3 Q, 7 R, 594 S, 2 T, 7 X, 1 Y",K,0.999195494770716,0.38823372643080817,0.2129082026227822
 125 , 3542.12069518959 , 0 , 9 ,1243 A,"4 -, 3232 A, 1 G, 3400 I, 4310 L, 4049 M, 1 R, 3 T, 3 V, 6 X",A,1.0,0.7846625358118462,0.434767401189227
 126 , 4140.86062117926 , 0 , 12 ,"1197 I, 16 T, 30 V","4 -, 1 D, 9880 E, 2 G, 2742 I, 83 K, 2 L, 3 M, 1 P, 169 S, 2108 T, 8 V, 6 X",I,0.9629927594529365,0.8173096142314611,0.46198379004245466
 127 , 39.1697498076433 , 6.62959619455615e-07 , 6 ,"2 E, 1241 G","4 -, 14829 G, 167 L, 2 P, 1 R, 6 X",G,0.998390989541432,0.011992804317409555,0.14336048056373824
 128 , 3679.78146868382 , 0 , 12 ,"26 K, 1217 R","4 -, 9 E, 169 F, 1 H, 1 I, 10398 K, 5 L, 1 M, 1372 N, 2956 R, 1 T, 86 W, 6 X",R,0.9790828640386162,0.8030515024318742,0.4494091580502216
 129 , 8242.16570100958 , 0 , 11 ,"2 A, 17 I, 577 M, 646 T, 1 V","4 -, 68 A, 169 E, 1 F, 1 G, 6197 I, 1373 L, 6 M, 260 S, 3288 T, 3635 V, 7 X",T,0.5197103781174578,0.7809314411353188,0.24956538535831563
 130 , 3257.23450124241 , 0 , 8 ,"1239 I, 1 T, 3 V","4 -, 4 A, 1 E, 13 F, 3497 I, 1 M, 11482 V, 7 X",I,0.996781979082864,0.7670064627889933,0.4144505770195685
 131 , 397.863947834514 , 5.36376406380095e-81 , 8 ,"2 H, 1 P, 1240 Q","2 -, 169 D, 1 E, 5 H, 3468 L, 1 P, 11353 Q, 3 R, 7 X",Q,0.997586484312148,0.2435871810247185,0.1792425556519225
 132 , 2959.28810519724 , 0 , 16 ,"4 A, 1236 P, 3 S","2 -, 3 C, 735 H, 1345 I, 3039 K, 2 L, 1 M, 2 N, 3870 P, 167 Q, 197 R, 7 S, 6 T, 21 V, 7 X, 5605 Y",P,0.9943684633950121,0.7421547071756945,0.38935265396125374
 133 , 29.9025367151094 , 0.000219929310089726 , 8 ,"1241 E, 2 K","2 -, 1 A, 1 D, 14827 E, 1 G, 1 K, 1 R, 168 T, 7 X",E,0.998390989541432,0.012126057698714105,0.14337704349835365
 134 , 15.9881400263071 , 0.0671296684626985 , 9 ,1243 N,"2 -, 1 B, 5 D, 1 I, 168 K, 14818 N, 2 S, 4 T, 7 X, 1 Y",N,1.0,0.012725697914584583,0.143666204345816
 135 , 3402.24587747007 , 0 , 8 ,"1240 I, 1 S, 2 T","2 -, 6 F, 3386 I, 11594 L, 8 V, 2 W, 11 X",I,0.997586484312148,0.7744020254513958,0.42255920940535013
 136 , 678.511616794884 , 2.87584902526476e-140 , 9 ,"1 E, 1241 K, 1 N","2 -, 3 D, 5253 E, 1 G, 1 H, 9567 K, 1 N, 170 Q, 6 R, 5 X",K,0.998390989541432,0.3625824505296822,0.2059580117832545
 137 , 1.15046990206145 , 0.949539926397676 , 5 ,1243 Y,"2 -, 2 C, 3 H, 1 N, 6 X, 14995 Y",Y,1.0,0.0009327736691318542,0.1422115439620159
 138 , 3902.4944777724 , 0 , 11 ,"1195 E, 47 K, 1 Q","2 -, 1 D, 3230 E, 3 G, 1 P, 260 R, 4309 S, 7028 T, 169 V, 6 X",E,0.9613837489943685,0.7847957891931507,0.4216654904728299
 139 , 441.440798027199 , 3.41144839782786e-92 , 6 ,"1 A, 1242 V","2 -, 1 A, 3968 I, 5 L, 2 M, 11025 V, 6 X",V,0.999195494770716,0.2654407355586648,0.18386380458919319
 140 , 16251.841990707 , 0 , 12 ,1243 G,"2 -, 3244 A, 6112 I, 2 K, 2 L, 276 M, 1 P, 167 R, 26 S, 190 T, 4981 V, 6 X",G,1.0,1.0,1.0
 141 , 908.289593030336 , 1.01230029785037e-189 , 9 ,"1 A, 1200 I, 42 V","2 -, 178 A, 1 G, 7859 I, 261 L, 2 M, 1 N, 1 T, 6698 V, 6 X",I,0.9654062751407884,0.4763808381637684,0.23296447291788003
 142 , 3535.37859578798 , 0 , 11 ,"1240 F, 3 S","2 -, 1 A, 3220 F, 1 I, 1 L, 1 P, 168 Q, 1 R, 267 S, 11337 T, 6 X, 4 Y",F,0.997586484312148,0.7854620560996736,0.43485884622128707
 143 , 439.786152796768 , 5.7025900735952e-90 , 8 ,"3 A, 2 G, 1238 V","2 -, 7 A, 3 I, 170 L, 1 M, 3620 P, 11199 V, 7 X",V,0.99597747385358,0.2538476913851689,0.18099415204678362
 144 , 1.3144178998028 , 0.970856734639953 , 6 ,1243 H,"2 -, 14993 H, 1 L, 2 P, 2 Q, 2 R, 7 X",H,1.0,0.0010660270504364048,0.1422278162366268
 145 , 3281.4374611788 , 0 , 4 ,"1242 G, 1 R","11510 -, 3492 G, 1 V, 6 X",G,0.999195494770716,0.7673395962422547,0.415593106909821
 146 , 16251.9270575007 , 0 , 5 ,"24 A, 1219 T","11510 -, 3047 P, 446 S, 6 X",T,0.9806918744971842,1.0,0.9902518277822908
 147 , 3539.96229184337 , 0 , 3 ,1243 T,"11510 -, 259 Q, 3234 T, 6 X",T,1.0,0.7845292824305417,0.4346153846153846
 148 , 713.368137026795 , 8.47002808738239e-147 , 10 ,1243 T,"2 -, 188 D, 1 E, 259 H, 2 I, 1374 N, 2 P, 3626 S, 9379 T, 169 V, 7 X",T,1.0,0.3751082683723099,0.20952380952380953
 149 , 11583.2368785081 , 0 , 9 ,"10 A, 1 D, 1232 S","2 -, 3 A, 2 E, 11502 G, 2 L, 1 R, 446 S, 3044 V, 7 X",S,0.9911504424778761,0.9702844959690852,0.843546730571722
 150 , 1419.87070925786 , 5.08285064558466e-299 , 10 ,"1 D, 1242 E","2 -, 173 A, 7699 D, 6654 E, 1 F, 262 G, 20 N, 3 S, 185 T, 3 V, 7 X",E,0.999195494770716,0.5566660003997601,0.2718021665390086
 151 , 16195.3387670737 , 0 , 17 ,"1 K, 1241 N, 1 Y","2 -, 11 A, 2 D, 3618 E, 1 G, 3 H, 3 I, 166 K, 4 L, 259 M, 3 N, 3 P, 6336 Q, 2 R, 3204 S, 1386 T, 6 X",N,0.998390989541432,0.9998001199280432,0.997989545637314
 152 , 193.47575572113 , 2.97835199272675e-34 , 13 ,"1 D, 1242 H","6 -, 13076 H, 252 I, 3 K, 2 L, 1464 N, 4 P, 170 Q, 10 R, 2 S, 2 T, 7 X, 11 Y",H,0.999195494770716,0.12878939303084816,0.15962984384037016
 153 , 3106.34701978586 , 0 , 8 ,1243 -,"3670 -, 4974 A, 1 G, 3 L, 6343 Q, 3 S, 4 T, 10 V, 1 X",-,NA,NA,NA
 154 , 3106.3549009879 , 0 , 6 ,1243 -,"3670 -, 7 A, 2 F, 4 I, 1 M, 11324 V, 1 X",-,NA,NA,NA
 155 , 120.752996051057 , 2.3175259876396e-22 , 8 ,"1 E, 1234 G, 1 R, 7 W","9 -, 170 E, 14558 G, 1 N, 5 R, 4 S, 256 V, 6 X",G,0.9927594529364441,0.03004863748417616,0.14487819195773408
 156 , 17.539575166117 , 0.0249560500055653 , 8 ,"1242 N, 1 Y","15 -, 9 D, 1 H, 1 I, 12 K, 14943 N, 21 S, 7 X",N,0.999195494770716,0.00439736158305017,0.14252926325453294
 157 , 3565.9025195751 , 0 , 15 ,"1 C, 1242 Y","15 -, 1 A, 5764 D, 5808 E, 2 F, 5 G, 2 K, 4 L, 1 M, 3 N, 10 S, 2 V, 168 W, 7 X, 3217 Y",Y,0.999195494770716,0.7856619361716304,0.4356366187302701
 158 , 1710.51147956456 , 0 , 11 ,"1232 S, 11 T","17 -, 8 A, 62 F, 45 I, 16 K, 2 M, 116 N, 26 P, 5799 S, 8904 T, 12 X, 2 Y",S,0.9911504424778761,0.6136318209074555,0.29780033840947545
 159 , 15999.5928534726 , 0 , 12 ,"1225 A, 3 T, 15 V","2052 -, 15 A, 187 E, 3 F, 3869 G, 11 I, 2 M, 4 P, 3 R, 1365 S, 7493 T, 5 X",A,0.9855189058728882,0.9990005996402159,0.9867096254530809
 160 , 3723.48442157306 , 0 , 13 ,"24 P, 1219 Q","2046 -, 169 D, 4295 E, 7 G, 245 H, 3 I, 3619 K, 1365 N, 3229 Q, 7 S, 8 T, 6 X, 10 Y",Q,0.9806918744971842,0.784862415883803,0.42839571252855385
 161 , 12154.216578602 , 0 , 16 ,"1 A, 12 I, 1230 V","9 -, 2392 A, 254 E, 1 F, 9286 H, 536 I, 8 L, 18 M, 5 N, 2 P, 2038 Q, 5 R, 1 S, 85 T, 357 V, 6 X, 6 Y",V,0.9895414320193081,0.9762142714371377,0.8692579505300353
 162 , 625.150371750075 , 9.14552597356897e-130 , 8 ,"1191 G, 52 R","7 -, 5 A, 2 E, 14559 G, 169 K, 3 R, 1 S, 258 T, 5 X",G,0.9581657280772325,0.029982010793523885,0.14017536632731126
 163 , 3644.38895760887 , 0 , 13 ,"1225 A, 2 E, 9 T, 7 V","7 -, 3033 A, 255 D, 134 E, 24 I, 3558 K, 49 M, 1 N, 138 Q, 7 R, 11 S, 4496 T, 3291 V, 5 X",A,0.9855189058728882,0.797921247251649,0.4453735684421014
 164 , 16237.6837271167 , 0 , 13 ,1243 S,"171 -, 53 A, 1 D, 3876 E, 2 G, 1434 I, 4 K, 4 M, 186 N, 2 P, 1 S, 9264 T, 5 V, 6 X",S,1.0,0.9999333733093477,0.9995979091274628
 165 , 3583.44270125874 , 0 , 7 ,"1238 Q, 5 R","11510 -, 1 D, 4 H, 259 N, 3228 Q, 6 X, 1 Y",Q,0.99597747385358,0.7849290425744553,0.43370117358556665
 166 , 3547.47766379453 , 0 , 6 ,"1241 A, 1 E, 1 V","11510 -, 3232 A, 260 R, 1 T, 2 V, 4 X",A,0.998390989541432,0.7846625358118462,0.43421973407977604
 167 , 11569.8089831113 , 0 , 4 ,"1240 A, 3 V","11510 -, 451 A, 3042 G, 6 X",A,0.997586484312148,0.9699513625158238,0.8452624403544649
 168 , 12982.9044009778 , 0 , 5 ,"2 E, 1235 K, 6 R","11510 -, 1 E, 274 K, 3217 R, 2 T, 5 X",K,0.9935639581657281,0.9817442867612766,0.8975290697674418
 169 , 3520.70119262561 , 0 , 8 ,"1239 F, 4 L","2 -, 7316 A, 4 D, 3228 F, 3469 I, 172 L, 10 T, 800 V, 8 X",F,0.996781979082864,0.7849290425744553,0.4339754816112084
 170 , 1817.84730246121 , 0 , 13 ,"2 A, 1241 T","2 -, 1 A, 1 D, 2292 E, 4 G, 114 I, 3786 K, 64 M, 1 N, 3 P, 2 R, 3040 S, 5692 T, 7 X",T,0.998390989541432,0.620760876807249,0.30357142857142855
 171 , 4648.55267104227 , 0 , 8 ,"28 I, 1215 V","2 -, 169 F, 12554 I, 1 K, 2 L, 2 M, 1 T, 2272 V, 6 X",V,0.9774738535800482,0.8486241588380306,0.5137420718816068
 172 , 44.4089186950031 , 4.76179902355642e-07 , 8 ,"1 I, 1242 T","2 -, 1 A, 168 D, 1 Q, 2 R, 200 S, 14627 T, 8 X",T,0.999195494770716,0.025451395829169166,0.14516129032258066
 173 , 19.4610255909661 , 0.00345190165755624 , 6 ,"1 L, 1242 P","2 -, 167 A, 2 L, 14808 P, 21 S, 2 V, 7 X",P,0.999195494770716,0.013391964821107336,0.1436419360434858
 174 , 13217.7703527182 , 0 , 11 ,"1 K, 1242 N","2 -, 2949 A, 1 G, 169 L, 259 N, 2 P, 10148 Q, 1375 R, 94 S, 2 V, 8 X",N,0.999195494770716,0.9827436871210607,0.9052478134110787
 175 , 725.628461016153 , 2.05310371885392e-152 , 7 ,"1236 A, 1 D, 6 T","2 -, 9574 A, 2 N, 2 R, 5420 S, 3 T, 6 X",A,0.9943684633950121,0.3621160636951163,0.20509416742719655
 176 , 753.474387726341 , 1.73168192932718e-159 , 6 ,"1 L, 1242 P","2 -, 5 D, 164 G, 9231 P, 5601 S, 6 X",P,0.999195494770716,0.3849690185888467,0.21201775349948787
 177 , 2092.28820193014 , 0 , 11 ,1243 S,"2 -, 2 A, 3386 I, 1 L, 13 M, 2 N, 2 P, 260 R, 5119 S, 6171 T, 44 V, 7 X",S,1.0,0.6589379705510028,0.3268902038132807
 178 , 15311.8494254451 , 0 , 17 ,"1165 I, 1 K, 1 M, 20 N, 1 R, 25 T, 30 V","2 -, 325 A, 1 D, 174 F, 28 H, 12 I, 2 L, 3 P, 169 Q, 2003 S, 7021 T, 2233 V, 6 X, 3030 Y",I,0.9372485921158488,0.9992004797121727,0.9628099173553719
 179 , 3734.19535326339 , 0 , 8 ,"26 A, 1217 T","2 -, 5 D, 11756 E, 3 G, 1 K, 3233 T, 2 V, 7 X",T,0.9790828640386162,0.7845959091211939,0.427542596170736
 180 , 3790.02474207976 , 0 , 9 ,1243 L,"2 -, 6200 A, 4298 I, 3016 L, 8 M, 2 P, 23 Q, 7 T, 1447 V, 6 X",L,1.0,0.7990539009927377,0.4518356961105053
 181 , 2547.24532458982 , 0 , 15 ,"2 E, 1240 K, 1 R","2 -, 4 A, 3 D, 3827 E, 1 G, 1 H, 1682 I, 4354 K, 1 L, 187 N, 4313 Q, 7 R, 5 S, 310 T, 305 V, 7 X",K,0.997586484312148,0.7099073888999934,0.36273219248208277
 182 , 65.474103081321 , 1.16661108166143e-10 , 9 ,"1 F, 1239 L, 1 P, 2 V","2 -, 171 F, 14638 L, 187 M, 1 R, 1 S, 8 X, 1 Y",L,0.996781979082864,0.024718502231994136,0.1447429906542056
 183 , 3280.91144590303 , 0 , 12 ,"2 D, 1239 G, 2 S","2 -, 27 A, 2 E, 3493 G, 86 I, 1 L, 1 N, 3404 P, 3 R, 8 S, 7976 T, 6 X",G,0.996781979082864,0.7672729695516024,0.41472803347280335
 184 , 1799.14164669096 , 0 , 9 ,1243 D,"2 -, 1 A, 1 C, 5712 D, 5256 E, 4022 G, 1 I, 5 R, 3 S, 6 X",D,1.0,0.6194283429942035,0.30324469382776287
 185 , 17.456429300626 , 0.00371077882902909 , 5 ,"3 F, 1240 Y","2 -, 266 F, 2 H, 1 I, 6 X, 14732 Y",Y,0.997586484312148,0.01845559331068026,0.14406041243101947
 186 , 37.2897122279819 , 4.13358991632269e-06 , 7 ,"1 A, 1 E, 1240 G, 1 R","2 -, 2 D, 14996 G, 1 W, 8 X",G,0.997586484312148,0.0008661469784795789,0.14188454717089077
 187 , 2521.46059704154 , 0 , 11 ,1243 E,"2 -, 4270 A, 4413 E, 11 I, 159 K, 1 N, 1 P, 15 R, 260 S, 5840 T, 31 V, 6 X",E,1.0,0.7059764141515091,0.3603420785621104
 188 , 1387.88006722939 , 4.10446084804483e-292 , 10 ,"2 A, 3 D, 3 I, 1235 V","2 -, 191 A, 2 F, 32 I, 7973 L, 1 P, 1 Q, 1 T, 6800 V, 6 X",V,0.9935639581657281,0.546938503564528,0.26622116835524895
 189 , 229.09424576012 , 2.55254181544223e-44 , 9 ,"1 S, 1242 T","1 -, 56 A, 2294 G, 4 I, 1 M, 1 P, 11 S, 12634 T, 1 V, 6 X",T,0.999195494770716,0.15823839029915385,0.16429658046167075
 190 , 952.92257057413 , 1.78346968757161e-201 , 7 ,"1232 L, 10 M, 1 P","1 -, 5 F, 194 I, 8146 L, 3618 M, 1 P, 3038 V, 6 X",L,0.9911504424778761,0.4572589779465654,0.2319932209773091
 191 , 752.8967696123 , 2.30797952935272e-159 , 6 ,1243 D,"1 -, 9179 D, 5816 E, 3 K, 3 Q, 1 V, 6 X",D,1.0,0.388433606502765,0.2131161594513502
 192 , 1.64444893860136 , 0.976883629890896 , 7 ,1243 C,"1 -, 14989 C, 1 F, 1 I, 1 S, 1 W, 6 X, 9 Y",C,1.0,0.001332533813045506,0.1422603719599428
 193 , 2235.26690032879 , 0 , 11 ,1243 E,"1 -, 1 D, 4865 E, 5 F, 1 G, 1 L, 2 P, 168 Q, 1 R, 9956 S, 1 V, 7 X",E,1.0,0.6758611499766807,0.33818528091416133
 194 , 45.9332609898523 , 9.00730599631185e-08 , 7 ,"1 A, 1240 P, 1 Q, 1 T","2 -, 190 A, 14643 P, 2 S, 1 T, 168 V, 3 X",P,0.997586484312148,0.02438536877873276,0.14480906224454046
 195 , 39.4298199149614 , 1.61799796272664e-06 , 7 ,"1 G, 2 K, 1240 R","2 -, 5 G, 1 P, 168 Q, 14829 R, 1 T, 3 X",R,0.997586484312148,0.011992804317409555,0.14325323475046212
 196 , 2395.78379361576 , 0 , 6 ,1243 S,"2 -, 7 A, 2 M, 1 P, 4603 S, 10390 T, 4 X",S,1.0,0.6933173429275767,0.35068415855550855
 197 , 28.1395706988032 , 8.8442734644704e-05 , 6 ,"1 A, 1 E, 1241 G","2 -, 174 A, 14793 G, 34 S, 2 V, 4 X",G,0.998390989541432,0.014391365180891465,0.14365920009260866
 198 , 633.655572707275 , 1.24591039545455e-130 , 9 ,"10 F, 1233 L","1 -, 4 F, 4596 I, 10225 L, 1 M, 1 N, 1 S, 175 V, 1 W, 4 X",L,0.9919549477071601,0.31874208808048504,0.19415794031965988
 199 , 13607.1978816 , 0 , 9 ,"1 K, 1238 N, 3 T, 1 Y","1 -, 2 A, 14777 D, 4 G, 220 N, 1 V, 4 X",N,0.99597747385358,0.9853421280564995,0.9166975194372454
 200 , 3557.15648230213 , 0 , 9 ,"1 P, 1242 T","1 -, 2 A, 11755 F, 5 I, 10 L, 2 S, 3225 T, 4 V, 5 X",T,0.999195494770716,0.7851289226464121,0.4350262697022767
 201 , 13927.0481752555 , 0 , 8 ,"1 D, 1242 E","1 -, 13 D, 188 E, 146 G, 7 H, 14214 N, 431 S, 5 T, 4 X",E,0.999195494770716,0.9874741821573723,0.9292929292929293
 202 , 3771.94134532262 , 0 , 11 ,"1241 A, 1 G, 1 T","1 -, 3043 A, 450 D, 11330 E, 1 H, 1 L, 173 N, 5 R, 1 V, 4 X",A,0.998390989541432,0.7972549803451262,0.44906821060249685
 203 , 16153.1183236164 , 0 , 9 ,"1241 F, 1 L, 1 Y","5 F, 6 H, 4 I, 261 L, 11323 M, 169 S, 2 T, 9 V, 4 X, 3226 Y",F,0.998390989541432,0.9996668665467386,0.9971876255524307
 204 , 3133.66837822801 , 0 , 10 ,"2 H, 1 R, 1240 Y","2 -, 3 A, 1 G, 3377 I, 1 L, 27 M, 7928 V, 4 X, 3666 Y",Y,0.997586484312148,0.7557465520687587,0.4033176126199382
 205 , 3536.67365208525 , 0 , 7 ,1243 V,"4 F, 169 I, 11326 L, 2 M, 6 S, 3237 V, 4 X, 261 Y",V,1.0,0.7843294023585848,0.4343875589725668
 206 , 2464.07103732007 , 0 , 8 ,"1 I, 11 L, 1230 M, 1 V","169 A, 189 F, 10220 L, 4420 M, 2 S, 2 V, 1 W, 6 X",M,0.9895414320193081,0.7055100273169431,0.3568837951545046
 207 , 646.659526954404 , 1.75157500828868e-132 , 10 ,"1 A, 1242 T","2 A, 182 E, 1 H, 1354 K, 3 N, 4 P, 3611 Q, 12 R, 90 S, 9744 T, 6 X",T,0.999195494770716,0.35078952628422944,0.2031237222994521
 208 , 3551.49141164622 , 0 , 10 ,"2 A, 1 C, 1 G, 1 M, 1238 V","4 A, 6 I, 3 K, 1 L, 11760 M, 2 R, 1 T, 3227 V, 5 X",V,0.99597747385358,0.7849956692651076,0.4337771548703574
 209 , 3769.62344054061 , 0 , 8 ,"1240 G, 3 S","1 A, 2 D, 3778 E, 3051 G, 7882 K, 275 N, 13 R, 7 X",G,0.997586484312148,0.796721966819908,0.44813877846042643
 210 , 15595.6984737939 , 0 , 14 ,"1 F, 6 P, 1233 S, 2 T, 1 Y","91 A, 1302 D, 4538 E, 31 G, 1 I, 1287 K, 4471 N, 1 Q, 1 R, 46 S, 3235 T, 5 X",S,0.9919549477071601,0.9969351722299953,0.9777954004758128
 211 , 770.732388261895 , 1.67721020739883e-165 , 4 ,"1 E, 1172 K, 69 R, 1 X","26 D, 145 E, 14827 K, 6 R, 5 X",K,0.9428801287208367,0.012126057698714105,0.13594710590418746
 212 , 2304.60311310827 , 0 , 9 ,1243 S,"5659 A, 265 H, 1 M, 3 N, 2 P, 1 R, 4749 S, 4322 T, 2 V, 5 X",S,1.0,0.6835898460923446,0.3436074637180373
 213 , 3814.88247053502 , 0 , 6 ,"1235 F, 4 L, 1 S, 3 Y","3043 F, 3 R, 11958 W, 5 X",F,0.9935639581657281,0.7972549803451262,0.44738272052164463
 214 , 236.893796252351 , 1.70052866002301e-47 , 7 ,"1241 L, 1 V, 1 W","2 F, 173 I, 12785 L, 2043 M, 1 P, 5 X",L,0.998390989541432,0.14817776001066027,0.16255157508677712
 215 , 14.1394559864067 , 0.0487558621096454 , 7 ,"1 A, 1 I, 1241 V","4 A, 2 E, 4 G, 1 M, 1 P, 14993 V, 4 X",V,0.998390989541432,0.0010660270504364048,0.14201522000343308
 216 , 43.8847487069234 , 3.4523198770454e-06 , 10 ,"1242 H, 1 L","167 D, 1 F, 14633 H, 192 N, 1 P, 1 Q, 6 R, 2 V, 5 X, 1 Y",H,0.999195494770716,0.025051635685255515,0.14511041009463724
 217 , 790.291693719329 , 1.92762321496079e-167 , 6 ,"1 G, 2 K, 1 M, 1239 R","1 E, 1 G, 5964 K, 2 N, 9037 R, 4 X",R,0.996781979082864,0.3978945965753881,0.21512284052435107
 218 , 3449.5562262095 , 0 , 6 ,"2 D, 1241 E","192 D, 3306 E, 2 H, 7 L, 1 P, 11497 Q, 4 X",E,0.998390989541432,0.7797321607035779,0.4286701208981002
 219 , 12.7274442434641 , 0.0260712808036152 , 5 ,"1 R, 1242 W","1 C, 1 G, 2 M, 15001 W, 4 X",W,0.999195494770716,0.0005330135252182024,0.14205650234473294
 220 , 15.3200857405174 , 0.00408136740953477 , 4 ,1243 F,"169 A, 14826 F, 5 L, 4 V, 5 X",F,1.0,0.01219268438936638,0.14359981515711645
 221 , 11552.8821088169 , 0 , 12 ,"1229 H, 10 N, 4 R","2008 F, 453 H, 2 I, 1 K, 9323 L, 3043 M, 1 N, 168 Q, 1 S, 1 T, 4 V, 4 X",H,0.9887369267900241,0.9698181091345193,0.8403418803418803
 222 , 18.9706590182625 , 0.00421347341868696 , 6 ,"1241 D, 1 E, 1 G","14986 D, 1 G, 1 H, 15 N, 1 V, 5 X",D,0.998390989541432,0.0015324138850023319,0.14207212364052663
 223 , 23.0669741348801 , 0.00165942462171607 , 7 ,1243 L,"1 F, 264 I, 14735 L, 1 M, 1 P, 1 Q, 1 V, 5 X",L,1.0,0.018255713238723433,0.14435863190290923
 224 , 16184.0607391358 , 0 , 7 ,"593 A, 2 P, 646 S, 1 T, 1 X","5 D, 2 H, 3232 N, 11595 P, 1 S, 170 T, 4 X",S,0.5197103781174578,0.9999333733093477,0.6835978835978836
 225 , 12.8930056813967 , 0.0244023193152159 , 5 ,"1242 L, 1 P","1 F, 14999 L, 3 M, 2 T, 4 X",L,0.999195494770716,0.000666266906522753,0.14207275223061083
 226 , 24.6421732789204 , 1.83424771352779e-05 , 3 ,"2 L, 1241 P","2 A, 15003 P, 4 X",P,0.998390989541432,0.0003997601439136518,0.14193400812031795
 227 , 29.9763116467047 , 4.9490860426414e-06 , 4 ,"1 G, 2 L, 1240 W","1 G, 5 R, 14999 W, 4 X",W,0.997586484312148,0.000666266906522753,0.14186019906189223
 228 , 1067.86781680516 , 3.97066023605594e-224 , 9 ,"1 A, 10 L, 2 M, 1 S, 1229 T","172 A, 261 H, 1 I, 3620 L, 1 N, 169 Q, 3042 S, 7737 T, 6 X",T,0.9887369267900241,0.484509294423346,0.24076794984817318
 229 , 368.589855604625 , 4.49830742581056e-73 , 10 ,"2 F, 136 P, 1105 S","1005 A, 4 G, 3 L, 3627 P, 3 R, 9588 S, 769 T, 5 V, 1 W, 4 X",S,0.8889782783588094,0.3611832900259844,0.18515415549597855
 230 , 13783.4988651485 , 0 , 6 ,"2 L, 1235 P, 5 S, 1 X","3035 A, 11767 G, 200 P, 1 R, 2 S, 4 X",P,0.9935639581657281,0.9866746618695449,0.9223300970873787
 231 , 14103.0181874501 , 0 , 8 ,"1 L, 3 P, 1239 S","11760 A, 52 E, 2992 G, 1 P, 172 S, 17 T, 12 V, 3 X",S,0.996781979082864,0.9885402092078086,0.9336850037678975
 232 , 1268.01218758248 , 3.53430666091946e-265 , 11 ,"3 G, 9 N, 1231 S","7 A, 5250 D, 1 E, 179 G, 2 H, 14 I, 14 L, 6 N, 1 R, 7226 S, 2305 T, 4 X",S,0.9903459372485921,0.5185555333466587,0.2538144329896907
 233 , 94.3814821965812 , 6.96474672290087e-15 , 12 ,"2 M, 1241 T","27 A, 3 D, 2 E, 169 G, 80 I, 640 K, 3 M, 55 N, 2 P, 6 S, 14017 T, 1 V, 4 X",T,0.998390989541432,0.0660936771270571,0.15041512635597842
 234 , 16008.0487190364 , 0 , 17 ,"1229 A, 10 N, 3 T, 1 V","10 A, 189 D, 2025 E, 2 F, 262 G, 1 H, 25 I, 11 K, 149 L, 1 M, 5 N, 18 P, 3614 Q, 3 R, 5355 S, 247 T, 3088 V, 4 X",A,0.9887369267900241,0.9993337330934773,0.9903303787268332
 235 , 3359.16056825326 , 0 , 12 ,1243 -,"3406 -, 4 A, 1934 E, 3054 G, 11 H, 1 I, 4 K, 4295 Q, 5 R, 1 S, 2285 T, 4 V, 5 X",-,NA,NA,NA
 236 , 3359.1605779166 , 0 , 12 ,1243 -,"3406 -, 2 A, 1 D, 4306 E, 2 F, 4 G, 11 L, 2290 P, 1 R, 3610 S, 3 T, 1369 V, 4 X",-,NA,NA,NA
 237 , 3359.16875023135 , 0 , 10 ,1243 -,"3406 -, 6 A, 1619 H, 18 I, 2 K, 3614 N, 2 P, 15 Q, 2 S, 6321 T, 4 X",-,NA,NA,NA
 238 , 0.737802633582205 , 0.946586562418778 , 4 ,1243 W,"1 C, 2 G, 1 L, 15000 W, 5 X",W,1.0,0.0005996402158704777,0.1421708795607915
 239 , 3363.74883459274 , 0 , 9 ,"1242 R, 1 T","3 D, 3617 I, 4 K, 7973 N, 3402 R, 3 S, 1 T, 1 V, 4 X, 1 Y",R,0.999195494770716,0.7733359984009595,0.42194666213691184
 240 , 3309.98339262026 , 0 , 12 ,"2 D, 1 K, 1232 N, 7 S, 1 T","4 C, 168 E, 2 G, 321 H, 346 K, 3505 N, 3620 Q, 5999 R, 2 S, 4 X, 1038 Y",N,0.9911504424778761,0.766473449263775,0.41204013377926424
 241 , 3533.39782830946 , 0 , 9 ,1243 R,"5 E, 1 I, 7464 K, 4 L, 169 M, 4 N, 2 P, 4116 Q, 3240 R, 4 X",R,1.0,0.784129522286628,0.4341599720572826
 242 , 513.620486534112 , 8.40421900165928e-106 , 8 ,1243 E,"1 A, 4308 D, 10520 E, 2 F, 2 G, 169 H, 2 K, 1 N, 4 X",E,1.0,0.29908721433806384,0.19114254959249577
 243 , 1655.10574598885 , 0 , 10 ,"1 F, 11 I, 1230 L, 1 P","269 A, 169 H, 6343 L, 30 M, 4 P, 1372 R, 5 S, 6813 T, 4 X",L,0.9895414320193081,0.5773869011926177,0.279038112522686
 244 , 125.178852843639 , 2.50748711269907e-25 , 5 ,1243 L,"4 F, 13626 L, 1372 M, 2 P, 1 V, 4 X",L,1.0,0.09214471317209674,0.15429493545183715
 245 , 3775.75300802678 , 0 , 9 ,"2 L, 1241 M","3 A, 2 E, 1 G, 2 I, 4 L, 3024 M, 2 T, 11967 V, 3 X, 1 Y",M,0.998390989541432,0.7985208874675195,0.4506172839506173
 246 , 3116.06752850059 , 0 , 6 ,"1242 E, 1 K","4 A, 3668 E, 6 I, 1 N, 11327 T, 3 X",E,0.999195494770716,0.7556132986874542,0.4037055095075573
 247 , 170.687962098532 , 3.21419601118086e-34 , 6 ,"1226 F, 1 L, 15 S, 1 V","1 C, 14999 F, 3 L, 2 S, 3 X, 1 Y",F,0.9863234111021721,0.000666266906522753,0.1403709640485459
 248 , 3374.38978462183 , 0 , 6 ,"1241 E, 2 G","3406 E, 11594 K, 3 N, 2 Q, 1 R, 3 X",E,0.998390989541432,0.7730694916383504,0.4213921901528014
 249 , 3813.65325390147 , 0 , 13 ,"1204 E, 37 G, 2 Q","2 A, 261 D, 3237 E, 1 G, 3 I, 1 K, 5649 N, 169 P, 2 S, 4309 T, 1370 V, 4 X, 1 Y",E,0.9686242960579243,0.7843294023585848,0.4236453201970443
 250 , 1437.73847892974 , 4.53220668104477e-310 , 4 ,1243 A,"6615 A, 8389 P, 1 R, 1 T, 3 X",A,1.0,0.5592644413351989,0.2731567959564883
 251 , 0.573991544806383 , 0.902359733933466 , 3 ,1243 H,"15002 H, 1 P, 3 Q, 3 X",H,1.0,0.0004663868345659271,0.14215462031107046
 252 , 0.733831858118104 , 0.993731625673827 , 6 ,1243 A,"15000 A, 1 D, 1 G, 1 P, 2 T, 1 V, 3 X",A,1.0,0.0005996402158704777,0.1421708795607915
 253 , 3537.76799633831 , 0 , 6 ,1243 T,"168 A, 11595 K, 1 M, 4 R, 3236 T, 1 V, 4 X",T,1.0,0.7843960290492371,0.4344634743096819
 254 , 170.447349736306 , 5.85670963165052e-35 , 5 ,"1242 K, 1 R","5 E, 13160 K, 3 N, 1668 R, 169 T, 4 X",K,0.999195494770716,0.12319275101605703,0.15877277085330777
 255 , 15.7397869290842 , 0.015220917309153 , 6 ,1243 Q,"1 E, 4 H, 169 I, 8 P, 14821 Q, 3 R, 3 X",Q,1.0,0.012525817842627757,0.14364130120760385
 256 , 3793.39462650961 , 0 , 9 ,"1238 S, 5 Y","4992 D, 6343 E, 1 F, 1 G, 27 K, 144 R, 3043 S, 455 T, 3 X",S,0.99597747385358,0.7972549803451262,0.44822592324402605
 257 , 0.675820082671447 , 0.954276978733634 , 4 ,"1 A, 1242 V","7 A, 1 I, 1 L, 14997 V, 3 X",V,0.999195494770716,0.0007995202878273036,0.1420890058345727
 258 , 516.121714039984 , 2.02714241521047e-105 , 9 ,"3 A, 1240 V","11 A, 2 D, 1 F, 2942 I, 169 L, 5 M, 1 S, 1368 T, 10508 V, 2 X",V,0.997586484312148,0.2998867346258911,0.1909013932722654
 259 , 3349.60695715706 , 0 , 4 ,"1242 A, 1 V","3409 A, 5 I, 4 L, 11587 V, 4 X",A,0.999195494770716,0.7728696115663934,0.42144553783508654
 260 , 6.0677102353026 , 0.415648074598572 , 6 ,"1 F, 1242 L","1 F, 14996 L, 2 P, 2 Q, 2 S, 4 V, 2 X",L,0.999195494770716,0.0008661469784795789,0.14209713403123392
 261 , 0.820713542371586 , 0.935649751553066 , 4 ,1243 G,"4 A, 1 E, 14999 G, 1 R, 4 X",G,1.0,0.000666266906522753,0.14217901058049756
 262 , 27.0285693626937 , 0.000329356914559271 , 7 ,"1242 S, 1 V","3 A, 18 D, 153 N, 2 P, 14830 S, 1 T, 2 X",S,0.999195494770716,0.01192617762675728,0.14345942824140917
 263 , 48.8755325847229 , 7.89608003704089e-09 , 6 ,"1 L, 1239 Q, 3 R","1 K, 2 P, 15002 Q, 1 S, 3 X",Q,0.996781979082864,0.0004663868345659271,0.1417295813315031
 264 , 35.0894978421185 , 1.44401957070042e-06 , 5 ,"1237 E, 1 G, 5 K","3 D, 14995 E, 1 G, 4 K, 2 R, 4 X",E,0.995172968624296,0.0009327736691318542,0.14157367668097282
 265 , 20.1442834265764 , 0.00261027298925902 , 6 ,"1240 G, 3 R","2 A, 1 E, 14998 G, 2 R, 1 S, 1 W, 4 X",G,0.997586484312148,0.0007328935971750283,0.14186831416966994
 266 , 15331.7126337939 , 0 , 5 ,"15 A, 1163 G, 65 S","14827 A, 3 G, 170 S, 3 T, 1 V, 5 X",G,0.9356395816572808,0.9998001199280432,0.9655458696554587
 267 , 3372.3671828977 , 0 , 7 ,"1 F, 1241 L, 1 P","3 I, 3408 L, 11329 M, 1 T, 265 V, 3 X",L,0.998390989541432,0.7729362382570458,0.4212491513917176
 268 , 184.126541427526 , 1.39882927976373e-35 , 8 ,"1228 H, 1 I, 14 P","1 A, 14813 H, 169 K, 1 P, 4 Q, 17 R, 3 X, 1 Y",H,0.9879324215607401,0.013058831367845958,0.1420967368664661
 269 , 3952.3594532102 , 0 , 8 ,"29 H, 1214 Q","2 A, 1 H, 4 I, 1 K, 1 M, 3043 Q, 1375 S, 10578 T, 4 X",Q,0.9766693483507642,0.7972549803451262,0.44145454545454543
 270 , 6.32022980008804 , 0.176475679386153 , 4 ,"1242 A, 1 G","14993 A, 1 G, 1 S, 10 V, 4 X",A,0.999195494770716,0.0010660270504364048,0.14212152420185376
 271 , 12.7274442434641 , 0.0260712808036152 , 5 ,"1242 L, 1 V","1 F, 15001 L, 2 S, 1 W, 4 X",L,0.999195494770716,0.0005330135252182024,0.14205650234473294
 272 , 2278.60961942515 , 0 , 4 ,1243 A,"4792 A, 2 I, 2 P, 10209 T, 4 X",A,1.0,0.6807248983942967,0.341577356416598
 273 , 36.6354333649724 , 2.14127534287087e-07 , 4 ,"2 E, 1240 G, 1 R","15004 G, 1 W, 4 X",G,0.997586484312148,0.0003331334532613765,0.14181963744495912
 274 , 3.62452795841601 , 0.727334798208153 , 6 ,"1242 A, 1 T","14997 A, 1 E, 1 G, 2 S, 2 T, 1 V, 5 X",A,0.999195494770716,0.0007995202878273036,0.1420890058345727
 275 , 3517.71782939311 , 0 , 8 ,"1241 I, 2 T","7 A, 1 D, 3242 I, 262 L, 165 M, 2 P, 1 Q, 11325 T, 4 X",I,0.998390989541432,0.7839962689053235,0.4334614041215508
 276 , 16251.8906033151 , 0 , 8 ,1243 V,"2 A, 4 D, 11583 E, 6 G, 3 K, 3237 P, 170 R, 4 X",V,1.0,1.0,1.0
 277 , 2408.81519583482 , 0 , 7 ,"1 A, 1 G, 1241 V","455 A, 1 F, 9956 I, 3 L, 2 N, 4588 V, 4 X",V,0.998390989541432,0.6943167432873609,0.35096153846153844
 278 , 3473.73877393333 , 0 , 13 ,"2 D, 1239 E, 1 K, 1 V","1 A, 1378 D, 3297 E, 1 H, 5 L, 2 P, 9954 Q, 1 R, 3 S, 361 T, 4 X, 2 Y",E,0.996781979082864,0.7803318009194483,0.4287939089807925
 279 , 16167.2929576705 , 0 , 13 ,1243 Y,"8 A, 3034 F, 11 I, 169 K, 5 L, 3919 M, 1663 N, 1 Q, 1 R, 1375 S, 4618 T, 194 V, 5 X, 6 Y",Y,1.0,0.9996002398560864,0.9975922953451043
 280 , 180.964545287846 , 6.4807282271555e-33 , 11 ,"1 L, 2 P, 1240 S","6 A, 6 C, 431 D, 7 F, 1366 G, 5 K, 7 L, 3 P, 13140 S, 32 T, 1 V, 5 X",S,0.997586484312148,0.12452528482910254,0.15874031876080139
 281 , 1489.71020750412 , 6.27534394596151e-312 , 12 ,"21 N, 1222 S","2 A, 1368 D, 28 E, 6608 G, 1 I, 15 L, 9 N, 5 R, 6824 S, 142 T, 1 W, 4 X, 2 Y",S,0.9831053901850362,0.5453394629888734,0.26310690063515985
 282 , 392.579840633961 , 1.10042819630758e-81 , 6 ,1243 -,"11339 -, 261 A, 3200 N, 201 S, 4 T, 1 V, 3 X",-,NA,NA,NA
 283 , 16223.5724836974 , 0 , 12 ,1243 S,"2 A, 144 D, 8 E, 7022 G, 2 I, 262 K, 3 M, 23 N, 1 R, 2 S, 7531 T, 4 V, 5 X",S,1.0,0.9998667466186955,0.9991961414790996
 284 , 3764.79980290128 , 0 , 11 ,"1 M, 1242 V","1 D, 262 G, 1 I, 193 L, 5133 N, 1 P, 26 S, 6343 T, 3043 V, 5 X, 1 Y",V,0.999195494770716,0.7972549803451262,0.44934876989869754
 285 , 3848.09419030754 , 0 , 14 ,"3 E, 1222 K, 17 M, 1 R","2 F, 2 G, 1371 H, 21 I, 3083 K, 3586 L, 156 N, 6 P, 254 R, 2025 S, 4494 T, 5 V, 4 X",K,0.9831053901850362,0.7945899127190352,0.4405191059841384
 286 , 1219.63242235513 , 4.01223971772234e-259 , 7 ,1243 L,"3 F, 6336 I, 7283 L, 1376 M, 1 N, 1 T, 4 V, 5 X",L,1.0,0.514757811979479,0.25447845224690346
 287 , 3800.54078368371 , 0 , 11 ,"6 A, 1237 T","1 E, 11348 F, 1 I, 3 L, 1 N, 188 Q, 241 S, 3043 T, 3 V, 6 X, 174 Y",T,0.995172968624296,0.7972549803451262,0.4479449574506609
 288 , 14.1391465304723 , 0.000850596010617597 , 2 ,1243 -,"14840 -, 168 K, 1 N",-,NA,NA,NA
 289 , 13.0681934730977 , 0.000300352677103243 , 1 ,1243 -,"14840 -, 169 L",-,NA,NA,NA
 290 , 13.0681934730977 , 0.000300352677103243 , 1 ,1243 -,"14840 -, 169 H",-,NA,NA,NA
 291 , 3250.42218102811 , 0 , 8 ,1243 S,"7697 A, 169 G, 1 K, 21 M, 2 P, 3516 S, 3596 T, 2 V, 5 X",S,1.0,0.7657405556666,0.41419526824391867
 292 , 12.5659079574192 , 0.0056758982544327 , 3 ,"1 C, 1242 G","15003 G, 1 K, 5 X",G,0.999195494770716,0.0003997601439136518,0.14204025617566332
 293 , 0.646523333943783 , 0.885704103141395 , 3 ,"1242 H, 1 Y","14995 H, 1 P, 5 X, 8 Y",H,0.999195494770716,0.0009327736691318542,0.14210526315789473
 294 , 19.6200525683668 , 0.0032350714836548 , 6 ,"1239 L, 1 M, 1 P, 2 V","1 I, 14819 L, 1 M, 2 P, 3 S, 179 V, 4 X",L,0.996781979082864,0.012659071223932308,0.14322871510317323
 295 , 20.8885308666192 , 0.00393868039469289 , 7 ,"1241 K, 2 R","19 A, 7 E, 14822 K, 2 N, 4 R, 150 S, 1 T, 4 X",K,0.998390989541432,0.012459191151975482,0.14341846758349705
 296 , 61.2852832668912 , 2.46614626287632e-11 , 6 ,"1238 C, 3 R, 2 Y","14998 C, 2 I, 3 S, 1 W, 5 X",C,0.99597747385358,0.0007328935971750283,0.14165570112706677
 297 , 127.143984526138 , 2.48179020540194e-24 , 7 ,"1242 R, 1 T","1 E, 2 G, 1 I, 1377 K, 13619 R, 1 S, 3 T, 5 X",R,0.999195494770716,0.09261110000666267,0.15424739195231
 298 , 560.351568521948 , 7.76250595061009e-116 , 8 ,"1240 L, 1 S, 2 V","188 A, 1 G, 12 I, 10222 L, 17 M, 3 P, 1 S, 4560 V, 5 X",L,0.997586484312148,0.31894196815244186,0.1951987406532861
 299 , 564.016375163193 , 1.20078322773291e-119 , 5 ,"1231 K, 12 R","1 E, 1 I, 10004 K, 4996 R, 1 S, 6 X",K,0.9903459372485921,0.33346658671463786,0.19730726077897098
 300 , 43.8948292278283 , 2.43292299150805e-08 , 5 ,"1 K, 1242 M","3 I, 365 L, 14633 M, 3 T, 5 X",M,0.999195494770716,0.025051635685255515,0.14511041009463724
 301 , 514.406913395432 , 6.62001010533824e-108 , 6 ,"1 A, 1234 D, 8 E","1 A, 10400 D, 4406 E, 23 G, 6 N, 169 S, 4 X",D,0.9927594529364441,0.3070824172163369,0.19165954803137378
 302 , 32.944880933293 , 3.85947292406105e-06 , 5 ,"1 E, 1241 K, 1 Q","169 A, 14819 K, 1 Q, 16 R, 4 X",K,0.998390989541432,0.012659071223932308,0.14344333352597816
 303 , 16.1697705385538 , 0.00104662550504313 , 3 ,1243 L,"1 F, 14816 L, 188 V, 4 X",L,1.0,0.012858951295889133,0.1436828112356953
 304 , 16209.4304617648 , 0 , 11 ,"1238 A, 3 S, 1 T, 1 V","2 A, 2021 E, 1 G, 1 H, 2 I, 214 K, 6649 Q, 1639 R, 4475 T, 5 X",A,0.99597747385358,0.9998667466186955,0.9971808296415626
 305 , 162.932965402853 , 3.43426318635289e-34 , 4 ,"1240 L, 3 V","1565 I, 13435 L, 2 P, 2 V, 5 X",L,0.997586484312148,0.10487041108668133,0.15579846714411358
 306 , 9.14526638298224 , 0.0274205581853504 , 3 ,"1242 K, 1 Q","14959 K, 1 Q, 45 R, 4 X",K,0.999195494770716,0.003331334532613765,0.14239853244668654
 307 , 0.65490616408516 , 0.956771243002977 , 4 ,1243 G,"1 A, 15001 G, 1 P, 1 R, 5 X",G,1.0,0.0005330135252182024,0.14216274947103563
 308 , 2970.91566091111 , 0 , 8 ,"1 M, 2 P, 1240 T","5 A, 191 I, 1 L, 10157 M, 4 S, 3836 T, 810 V, 5 X",T,0.997586484312148,0.744420014657872,0.3924671625257161
 309 , 3551.47541132094 , 0 , 4 ,"2 I, 1241 T","2 P, 11765 S, 3237 T, 5 X",T,0.998390989541432,0.7843294023585848,0.4338402377206782
 310 , 29.8112347354163 , 5.34715974234695e-06 , 4 ,"2 E, 1 H, 1240 Y","3 C, 1 H, 4 X, 15001 Y",Y,0.997586484312148,0.0005330135252182024,0.14184397163120568
 311 , 3553.75726879835 , 0 , 12 ,"1 D, 2 F, 1240 G","2035 A, 2 C, 1 F, 3233 G, 169 K, 3 L, 2 P, 3879 S, 1371 T, 4309 V, 4 X, 1 Y",G,0.997586484312148,0.7845959091211939,0.4338698390482855
 312 , 347.707341383316 , 5.48257919668738e-74 , 4 ,"1241 M, 2 V","69 I, 264 L, 11633 M, 3039 V, 4 X",M,0.998390989541432,0.22493170764208142,0.1758163915846143
 313 , 0.735817009643763 , 0.980945278595265 , 5 ,1243 C,"15000 C, 1 K, 1 R, 1 W, 4 X, 2 Y",C,1.0,0.0005996402158704777,0.1421708795607915
 314 , 691.767124018037 , 2.54947814576825e-140 , 12 ,"2 A, 1241 T","11 A, 188 D, 1 G, 4 I, 4 K, 717 L, 4 N, 5 P, 12 Q, 2 R, 4575 S, 9482 T, 4 X",T,0.998390989541432,0.3682457192351256,0.20742102624101622
 315 , 15616.931971989 , 0 , 9 ,"1202 E, 32 G, 8 K, 1 R","264 A, 1 C, 176 D, 5 E, 9304 G, 3045 K, 2014 N, 196 S, 4 X",E,0.9670152855993563,0.9996668665467386,0.9812244897959184
 316 , 2151.02972976254 , 0 , 11 ,"1 E, 1 I, 1234 K, 7 N","3834 A, 5164 K, 12 L, 68 P, 1 Q, 4231 S, 1694 T, 1 V, 4 X",K,0.9927594529364441,0.6559397694716503,0.32299437246433715
 317 , 49.5587135021311 , 1.76321440246423e-08 , 7 ,"1238 F, 5 S","1 C, 14820 F, 1 I, 10 L, 169 M, 3 S, 1 V, 4 X",F,0.99597747385358,0.012592444533280032,0.14311311484885267
 318 , 6680.11220277113 , 0 , 14 ,"3 L, 1 P, 1237 S, 1 W, 1 Y","4 A, 1 E, 50 F, 6 I, 10922 K, 8 Q, 41 R, 1491 S, 447 T, 2035 V, 4 X",S,0.995172968624296,0.9006596042374575,0.6230168723243515
 319 , 3111.79889625644 , 0 , 6 ,1243 F,"3 A, 3664 F, 2556 I, 6345 L, 2 Q, 2433 V, 6 X",F,1.0,0.7558798054500633,0.40422764227642277
 320 , 14895.0365188827 , 0 , 16 ,"1222 A, 1 E, 8 R, 11 S, 1 T","1 -, 86 A, 1 C, 1369 D, 4310 E, 6 F, 4 G, 3 H, 24 I, 2032 K, 2916 L, 3 M, 5 R, 196 S, 260 T, 3789 V, 4 X",A,0.9831053901850362,0.9942701046039043,0.9580556644453155
 321 , 844.773280974085 , 4.02794952914808e-178 , 7 ,"1171 K, 71 R, 1 X","6 E, 3026 G, 11935 K, 5 N, 1 Q, 30 R, 2 W, 4 X",K,0.9420756234915527,0.20481044706509427,0.16321694891630079
 322 , 12229.828329815 , 0 , 13 ,"1 D, 1242 N","5 A, 4 D, 11325 E, 3 G, 2 H, 233 I, 4 K, 367 N, 2 P, 1 Q, 1 S, 3028 T, 30 V, 4 X",N,0.999195494770716,0.975548004530615,0.8709677419354839
 323 , 3108.16020741073 , 0 , 8 ,1243 P,"3 A, 1 F, 3616 I, 238 L, 1378 M, 3668 P, 1 S, 6100 V, 4 X",P,1.0,0.7556132986874542,0.40396490087747805
 324 , 448.796307640687 , 8.05259349670451e-93 , 7 ,"1213 A, 30 V","12689 A, 1 D, 1 P, 1 Q, 2033 S, 267 T, 13 V, 4 X",A,0.9758648431214803,0.1545739223132787,0.16018487949818422
 325 , 3373.39378631989 , 0 , 8 ,"1240 D, 3 N","2 A, 3404 D, 11590 E, 2 G, 4 K, 1 N, 1 Q, 2 R, 3 X",D,0.997586484312148,0.7732027450196549,0.42126719891285885
 326 , 12.7274442434641 , 0.0260712808036152 , 5 ,"1 I, 1242 T","1 A, 2 K, 1 S, 15001 T, 4 X",T,0.999195494770716,0.0005330135252182024,0.14205650234473294
 327 , 3403.21009738575 , 0 , 9 ,"2 A, 1 D, 1235 G, 5 V","1 C, 1 D, 3404 G, 2 H, 262 L, 11332 Q, 3 R, 1 V, 3 X",G,0.9935639581657281,0.7732027450196549,0.4199251955117307
 328 , 1.39939776173828 , 0.924379139868646 , 5 ,1243 H,"1 D, 14992 H, 4 Q, 8 R, 3 X, 1 Y",H,1.0,0.0011326537410886802,0.14223595377045428
 329 , 0.820713542371586 , 0.935649751553066 , 4 ,1243 G,"1 A, 1 D, 4 E, 14999 G, 4 X",G,1.0,0.000666266906522753,0.14217901058049756
 330 , 12.8930045041506 , 0.0244023308101588 , 5 ,"1 I, 1242 T","1 F, 3 K, 3 S, 14999 T, 3 X",T,0.999195494770716,0.000666266906522753,0.14207275223061083
 331 , 1043.03044110164 , 7.67304687061415e-220 , 8 ,"1 A, 1 F, 1241 V","30 A, 1 G, 5658 I, 2 L, 3 M, 1371 T, 7942 V, 2 X",V,0.998390989541432,0.47085082283962953,0.23805869940533284
 332 , 970.19830416133 , 4.03779194185653e-204 , 8 ,"2 A, 7 I, 1233 V, 1 X","2 F, 190 I, 6344 L, 1 M, 1 Q, 264 T, 8204 V, 3 X",V,0.9919549477071601,0.4533946298887334,0.23089887640449439
 333 , 1954.05570307935 , 0 , 10 ,"1242 I, 1 M","2 A, 1 E, 1 F, 2 H, 5376 I, 3059 L, 177 M, 1 R, 3 T, 6385 V, 2 X",I,0.999195494770716,0.641814911053368,0.31599033201882715
 334 , 3273.64662006085 , 0 , 6 ,"1 D, 1242 E","3500 E, 1 H, 3405 K, 4478 Q, 3621 R, 4 X",E,0.999195494770716,0.7668065827170365,0.4150375939849624
 335 , 3533.41465894291 , 0 , 5 ,1243 L,"1 G, 2595 I, 3240 L, 1 N, 9168 V, 4 X",L,1.0,0.784129522286628,0.4341599720572826
 336 , 16070.443663778 , 0 , 10 ,"5 L, 1 N, 11 Q, 562 S, 664 T","6 D, 2032 E, 1 H, 5834 K, 1 L, 7113 Q, 18 R, 1 T, 3 X",T,0.5341914722445696,0.9999333733093477,0.6960167714884696
 337 , 14.975338547737 , 0.0363168309674653 , 7 ,1243 Y,"2 C, 2 D, 1 F, 1 H, 1 S, 169 V, 3 X, 14830 Y",Y,1.0,0.01192617762675728,0.14356664356664356
 338 , 15246.1954390598 , 0 , 12 ,"4 A, 2 C, 2 F, 2 P, 1213 S, 20 T","268 A, 2 D, 9293 E, 3 G, 1986 K, 122 P, 51 R, 47 S, 3234 T, 1 V, 2 X",S,0.9758648431214803,0.996868545539343,0.9692369157011587
 339 , 14.4754878764972 , 0.00232444587256088 , 3 ,1243 G,"169 -, 2 E, 14836 G, 2 X",G,1.0,0.011526417482843627,0.14351691490590002
 340 , 13717.5606243092 , 0 , 14 ,"1 K, 2 R, 1230 S, 10 T","1118 A, 3608 D, 2045 E, 1 G, 15 I, 177 K, 2 M, 1 N, 2 P, 3 R, 193 S, 7836 T, 4 V, 3 X, 1 Y",S,0.9895414320193081,0.9871410487041109,0.9227306826706677
 341 , 654.974157805658 , 3.28364475433994e-135 , 9 ,1243 D,"1 C, 9689 D, 1 E, 5122 G, 1 H, 1 I, 188 N, 2 S, 1 V, 3 X",D,1.0,0.3544539942701046,0.2041889117043121
 342 , 3241.15210332287 , 0 , 8 ,"2 A, 1239 G, 2 S","1 -, 7370 A, 2 F, 3499 G, 3 P, 3610 S, 2 T, 520 V, 2 X",G,0.996781979082864,0.7668732094076888,0.4143119879618793
 343 , 24.6361800597849 , 0.000398673156724476 , 6 ,"1241 P, 2 S","1 -, 1 A, 1 H, 15003 P, 1 R, 2 X",P,0.998390989541432,0.0003997601439136518,0.14193400812031795
 344 , 12.5639090616754 , 0.013615380240997 , 4 ,"1242 C, 1 W","1 -, 15003 C, 3 S, 2 X",C,0.999195494770716,0.0003997601439136518,0.14204025617566332
 345 , 80.2733905627516 , 1.21153729201889e-14 , 7 ,"1235 K, 5 N, 3 R","1 -, 2 E, 2 I, 14701 K, 1 Q, 299 R, 3 X",K,0.9935639581657281,0.02052102072090079,0.1437801967518482
 346 , 563.622737944412 , 1.6521659307974e-117 , 7 ,"1 F, 1242 I","1 -, 1 A, 10280 I, 1 M, 4 T, 4720 V, 2 X",I,0.999195494770716,0.3150776200946099,0.1945945945945946
 347 , 0.572007671687573 , 0.966122899930102 , 4 ,1243 P,"1 -, 1 L, 15002 P, 3 S, 2 X",P,1.0,0.0004663868345659271,0.14215462031107046
 348 , 2229.09658720611 , 0 , 9 ,"1242 I, 1 N","1 -, 253 A, 9668 F, 4891 I, 7 L, 2 S, 183 V, 2 X, 2 Y",I,0.999195494770716,0.6741288560197215,0.33676789587852496
 349 , 15829.6996097658 , 0 , 9 ,"10 A, 23 I, 10 S, 1200 V","11340 -, 145 I, 1 L, 25 M, 263 Q, 3227 S, 7 T, 1 X",V,0.9654062751407884,1.0,0.9823986901350799
 350 , 757.324278186867 , 2.73890744628742e-155 , 11 ,1243 S,"1 -, 2 A, 4988 E, 14 F, 207 L, 267 M, 2 N, 9157 S, 8 T, 358 V, 1 W, 4 X",S,1.0,0.38989939369711507,0.21351885252941682
 351 , 3741.37013963673 , 0 , 10 ,"2 A, 1241 V","1 -, 493 A, 1 F, 5052 I, 1 M, 4 N, 1 R, 461 S, 5948 T, 3045 V, 2 X",V,0.998390989541432,0.7971217269638217,0.44890576957858563
 352 , 3501.02860392237 , 0 , 12 ,"1235 A, 8 V","1 -, 3223 A, 169 D, 2038 E, 4 I, 11 K, 5 L, 3009 M, 4308 Q, 1364 R, 603 T, 272 V, 2 X",A,0.9935639581657281,0.7852621760277168,0.43325732327661814
 353 , 3729.57680977673 , 0 , 8 ,"4 N, 1239 S","1 -, 11762 D, 1 E, 3 G, 1 K, 194 N, 3044 S, 1 T, 2 X",S,0.996781979082864,0.7971883536544739,0.44842562432138977
 354 , 1303.77728978613 , 8.17896670742426e-269 , 15 ,"1242 L, 1 P","1 -, 2 A, 1 D, 4319 E, 2021 G, 2 I, 1 K, 7022 L, 271 M, 1 P, 1 S, 1 T, 1362 V, 1 W, 2 X, 1 Y",L,0.999195494770716,0.5321473782397228,0.26128116124960554
 355 , 2529.35350087301 , 0 , 13 ,"1 H, 1236 N, 5 S, 1 T","1 -, 2 D, 3618 E, 2 G, 60 H, 1 I, 4253 K, 187 M, 4410 N, 2240 Q, 57 R, 3 S, 172 T, 3 X",N,0.9943684633950121,0.706176294223466,0.35883292204964434
 356 , 3538.85016648542 , 0 , 8 ,1243 D,"1 -, 169 A, 3235 D, 6345 G, 4980 K, 2 N, 12 R, 262 T, 3 X",D,1.0,0.7844626557398894,0.43453941618598146
 357 , 15927.7895633472 , 0 , 14 ,"16 L, 1227 M","1 -, 196 A, 1371 E, 1 G, 9 I, 2046 K, 3496 L, 7 M, 9 N, 1 Q, 3596 R, 5 S, 3 T, 4266 V, 2 X",M,0.9871279163314561,0.9995336131654341,0.9907145740815503
 358 , 1102.42018695534 , 1.61366376379188e-226 , 14 ,"5 I, 1238 T","1 -, 2031 A, 2825 H, 272 I, 1362 K, 2 L, 4 N, 2 P, 3 Q, 9 R, 11 S, 7629 T, 64 V, 4 X, 790 Y",T,0.99597747385358,0.49170497701379173,0.24490603363006924
 359 , 3266.89201964909 , 0 , 10 ,1243 P,"1 -, 28 A, 2 G, 2023 H, 10 I, 169 N, 3499 P, 4308 Q, 4952 V, 4 X, 13 Y",P,1.0,0.7668732094076888,0.4153717627401838
 360 , 2275.36295378938 , 0 , 12 ,"4 A, 1 G, 1238 V","1 -, 2 A, 2 F, 1 G, 38 I, 169 K, 3618 L, 1 M, 6332 N, 12 S, 1 T, 4829 V, 3 X",V,0.99597747385358,0.6782597108401626,0.3387140902872777
 361 , 0.735811130462609 , 0.980945620163747 , 5 ,1243 G,"2 -, 1 E, 15000 G, 2 R, 1 S, 3 X",G,1.0,0.0005996402158704777,0.1421708795607915
 362 , 15.0580200868982 , 0.0580270656789767 , 8 ,1243 R,"2 -, 1 C, 2 G, 169 I, 1 K, 1 P, 14829 R, 1 S, 3 X",R,1.0,0.011992804317409555,0.14357493502743285
 363 , 135.83999419422 , 7.55913282492402e-27 , 6 ,1243 L,"2 -, 659 I, 13519 L, 2 P, 2 S, 821 V, 4 X",L,1.0,0.0992737690718902,0.15532646048109966
 364 , 3152.58836176826 , 0 , 9 ,"1 G, 1242 V","2 -, 11365 I, 1 K, 2 L, 2 M, 1 S, 3 T, 3628 V, 5 X",V,0.999195494770716,0.7582783663135452,0.4063471290691968
 365 , 124.981004574743 , 2.7617656445735e-25 , 5 ,1243 T,"2 -, 2 A, 1 R, 1372 S, 13628 T, 4 X",T,1.0,0.09201145979079219,0.1542757850316495
 366 , 1300.64801540089 , 1.70260964765623e-275 , 8 ,1243 V,"2 -, 7120 A, 2 I, 1 L, 1 P, 853 S, 4 T, 7022 V, 4 X",V,1.0,0.5321473782397228,0.26146403029028187
 367 , 125.372611500932 , 5.81331718420155e-24 , 7 ,1243 N,"2 -, 2 H, 32 I, 13624 N, 1 S, 1341 T, 5 X, 2 Y",N,1.0,0.09227796655340129,0.1543140906269398
 368 , 0.901640472489571 , 0.970102759637684 , 5 ,1243 P,"2 -, 2 L, 14998 P, 1 R, 2 S, 4 X",P,1.0,0.0007328935971750283,0.14218714253031342
 369 , 2989.88359393006 , 0 , 9 ,"1234 F, 1 L, 8 Y","2 -, 3804 F, 8157 I, 796 L, 1 M, 1 N, 2 T, 2234 V, 4 X, 8 Y",F,0.9927594529364441,0.7465520687587448,0.39293106193281324
 370 , 205.84061938007 , 1.08314975915288e-41 , 6 ,"1 L, 1242 V","2 -, 1578 A, 1 G, 462 I, 12961 V, 5 X",V,0.999195494770716,0.13645146245585982,0.16081833484397254
 371 , 15230.2105628203 , 0 , 12 ,"1239 A, 1 G, 1 P, 1 T, 1 V","2 -, 74 A, 1 D, 1371 E, 80 I, 1 M, 5 P, 1 R, 3401 S, 10068 T, 1 V, 4 X",A,0.996781979082864,0.9950696248917317,0.9694835680751174
 372 , 13827.0675867347 , 0 , 8 ,"12 A, 14 L, 7 S, 1210 T","11510 -, 9 A, 263 E, 1 L, 2 M, 6 S, 187 T, 3028 V, 3 X",T,0.9734513274336283,0.9875408088480245,0.9166666666666666
 373 , 12590.9335654842 , 0 , 6 ,"14 P, 1229 S","11510 -, 2982 A, 182 G, 1 P, 6 R, 326 S, 2 X",S,0.9887369267900241,0.9782796988473582,0.8784846318799142
 374 , 15899.3721234724 , 0 , 13 ,"1 G, 6 N, 1 R, 1224 S, 11 T","2 -, 6 A, 4311 D, 3515 E, 296 G, 2 H, 1 I, 2034 K, 1350 N, 7 S, 3467 T, 6 X, 12 Y",S,0.9847144006436042,0.9995336131654341,0.9894907033144705
 375 , 9359.01559690074 , 0 , 12 ,"568 A, 1 P, 649 S, 23 V, 1 X, 1 Y","2 -, 3213 A, 264 E, 2 I, 9924 K, 171 N, 1 P, 34 R, 1 S, 1389 T, 2 V, 6 X",S,0.5221238938053098,0.9999333733093477,0.6856840993132594
 376 , 2239.49657464061 , 0 , 11 ,"1242 N, 1 Y","2 -, 3 A, 1 B, 3818 D, 6301 E, 16 G, 1 K, 4853 N, 1 S, 2 T, 6 X, 5 Y",N,0.999195494770716,0.6766606702645079,0.3385118560915781
 377 , 2081.59086885819 , 0 , 14 ,"1 L, 1242 S","2 -, 2967 A, 170 D, 2034 E, 12 G, 1 H, 1 I, 4207 K, 352 N, 4 Q, 93 R, 5156 S, 1 V, 9 X",S,0.999195494770716,0.6564727829968685,0.3250883392226148
 378 , 3281.05715022269 , 0 , 14 ,"1241 K, 1 Q, 1 R","2 -, 6 A, 169 E, 1 G, 8 I, 3493 K, 46 L, 1 M, 9902 P, 1 Q, 11 S, 3 T, 1360 V, 6 X",K,0.998390989541432,0.7672729695516024,0.41525849088171324
 379 , 176.315512052747 , 2.97664728753378e-33 , 9 ,"1 A, 1242 V","2 -, 1 D, 239 I, 1 L, 260 M, 1 N, 1260 T, 13239 V, 6 X",V,0.999195494770716,0.11792924245452728,0.157975069956754
 380 , 3554.40695583808 , 0 , 11 ,"1240 L, 1 M, 1 V, 1 X","2 -, 2 D, 1 H, 2 I, 2 K, 3217 L, 445 M, 11313 N, 17 S, 6 X, 2 Y",L,0.997586484312148,0.7856619361716304,0.43508771929824563
 381 , 15945.0049568138 , 0 , 5 ,"3 L, 1240 V","2 -, 14721 I, 260 L, 1 N, 19 V, 6 X",V,0.997586484312148,0.9987340928776067,0.991207034372502
 382 , 29.9723125573088 , 3.97877354974552e-05 , 6 ,"1240 E, 1 G, 1 Q, 1 V","2 -, 14999 E, 1 K, 1 Q, 6 X",E,0.997586484312148,0.000666266906522753,0.14186019906189223
 383 , 16044.0155958412 , 0 , 11 ,"3 I, 10 L, 1228 M, 2 V","2 -, 8799 A, 2 D, 2 E, 3 G, 4 I, 4677 L, 1 M, 1 P, 1156 T, 355 V, 7 X",M,0.9879324215607401,0.9999333733093477,0.9935275080906149
 384 , 37.8729538704841 , 1.83702766552391e-05 , 9 ,1243 E,"2 -, 263 D, 14564 E, 1 G, 1 K, 1 L, 169 N, 1 R, 1 V, 6 X",E,1.0,0.02964887734026251,0.14580645161290323
 385 , 0.903632786103608 , 0.924039059811114 , 4 ,1243 P,"2 -, 14998 P, 1 R, 2 S, 6 X",P,1.0,0.0007328935971750283,0.14218714253031342
 386 , 12.8122106849674 , 0.0122307667609842 , 4 ,"1 L, 1242 P","2 -, 2 A, 15000 P, 5 X",P,0.999195494770716,0.0005996402158704777,0.14206462682299115
 387 , 9.51539147925955 , 0.146599736288186 , 6 ,"1240 F, 3 L","2 -, 14937 F, 10 L, 53 S, 1 V, 5 X, 1 Y",F,0.997586484312148,0.004797121726963821,0.1423650975889782
 388 , 0.982599145892763 , 0.986263356409189 , 6 ,1243 G,"3 -, 1 A, 1 D, 14997 G, 1 R, 1 S, 5 X",G,1.0,0.0007995202878273036,0.14219527541039867
 389 , 882.462913328335 , 3.42308311736099e-185 , 8 ,"1 -, 1239 D, 3 G","2 -, 1 A, 8648 D, 6346 E, 2 G, 1 N, 1 S, 3 T, 5 X",D,0.996781979082864,0.4238123792391232,0.22264150943396227
 390 , 40.0184294685302 , 1.24860817240888e-06 , 7 ,"1 -, 3 F, 1239 S","2 -, 2 C, 1 G, 1 N, 2 R, 14995 S, 6 X",S,0.996781979082864,0.0009327736691318542,0.14178634777135665
 391 , 262.261465343392 , 4.32097416114695e-52 , 8 ,"1 -, 10 F, 1232 Y","2 -, 3 C, 1 D, 6 F, 2 H, 2035 N, 2 S, 6 X, 12952 Y",Y,0.9911504424778761,0.1370511026717303,0.15971997147857653
 392 , 15.5122237811858 , 0.0166258513465422 , 6 ,"1 -, 1239 I, 2 V, 1 X","2 -, 14815 I, 89 L, 2 M, 2 T, 94 V, 5 X",I,0.996781979082864,0.012925577986541408,0.14326183731282882
 393 , 468.866534757303 , 2.64760491199567e-95 , 9 ,"1 -, 3 E, 1239 V","2 -, 1 A, 1 E, 2 G, 3981 I, 6 L, 19 M, 8 T, 10983 V, 6 X",V,0.996781979082864,0.26823905656606034,0.18403267731154846
 394 , 2184.58826720264 , 0 , 7 ,"1 -, 1 G, 2 I, 1239 V","2 -, 1 F, 10049 I, 1 M, 1 R, 4950 V, 5 X",V,0.996781979082864,0.6701978812712373,0.33342303552206676
 395 , 3.38208990424954 , 0.336379704341268 , 3 ,"1 -, 1242 G","2 -, 15000 G, 2 V, 5 X",G,0.999195494770716,0.0005996402158704777,0.14206462682299115
 396 , 3509.00239723178 , 0 , 14 ,"1 -, 1 E, 1 I, 3 M, 1236 R, 1 T","2 -, 4214 A, 1 D, 1 G, 1958 I, 5 K, 4 L, 1 Q, 3276 R, 4 S, 193 T, 5343 V, 7 X",R,0.9943684633950121,0.7817309614231461,0.42953953084274543
 397 , 423.007457594361 , 1.18689069035406e-84 , 10 ,"1 -, 5 E, 1232 G, 3 K, 1 R, 1 V","2 -, 1 A, 4 D, 3614 E, 11379 G, 1 K, 1 Q, 2 S, 5 X",G,0.9911504424778761,0.24185488706775934,0.17785477118521725
 398 , 3978.68014630545 , 0 , 10 ,"1 -, 1221 D, 9 E, 10 G, 1 H, 1 N","2 -, 2811 D, 7575 E, 10 G, 2 K, 794 N, 3623 P, 1 S, 187 T, 4 X",D,0.9823008849557522,0.8127123725764541,0.4629383886255924
 399 , 1920.45042954751 , 0 , 13 ,"1 -, 1 E, 1 F, 1240 K","2 -, 9 A, 4 E, 3638 G, 4 H, 5469 K, 1136 N, 3040 Q, 4 R, 1521 S, 177 T, 1 V, 4 X",K,0.997586484312148,0.6356186288227064,0.3118712273641851
 400 , 1381.95303020811 , 7.81397463706012e-291 , 10 ,"1 -, 1 H, 2 L, 1238 Q, 1 R","3 -, 7663 A, 261 K, 6853 Q, 169 R, 6 S, 46 T, 4 V, 4 X",Q,0.99597747385358,0.5434072889599574,0.2652667666595243
 401 , 3268.11085570649 , 0 , 7 ,"1 -, 1240 I, 2 V","3 -, 1 F, 3486 I, 11501 L, 1 M, 2 S, 11 V, 4 X",I,0.997586484312148,0.7677393563861683,0.41547997989613
 402 , 3538.3592487547 , 0 , 8 ,"1 -, 1 I, 1238 N, 2 S, 1 T","3 -, 2 I, 9951 K, 3225 N, 1 P, 16 R, 2 S, 1805 T, 4 X",N,0.99597747385358,0.7851289226464121,0.4339291973361374
 403 , 3463.03966172255 , 0 , 11 ,"1 -, 1241 H, 1 Q","3 -, 2 F, 3303 H, 2039 I, 9291 L, 1 M, 2 P, 1 Q, 1 R, 1 V, 4 X, 361 Y",H,0.998390989541432,0.7799320407755347,0.4288923449110074
 404 , 2233.62407525298 , 0 , 12 ,"1 -, 1242 H","5 -, 1 C, 83 D, 1 G, 4863 H, 4167 N, 2 P, 173 Q, 1 R, 5702 S, 2 T, 6 X, 3 Y",H,0.999195494770716,0.6759944033579852,0.33805117038649973
 405 , 27.1280901066911 , 0.000137020890110885 , 6 ,"1 -, 3 R, 1239 W","5 -, 2 C, 1 G, 1 L, 1 R, 14994 W, 5 X",W,0.996781979082864,0.0009994003597841295,0.1417944609750515
 406 , 2991.20125325757 , 0 , 8 ,"1 -, 1220 H, 1 P, 21 Y","6 -, 9203 F, 3660 H, 3 L, 3 S, 3 V, 6 X, 2125 Y",H,0.9814963797264682,0.7561463122126724,0.3984974685611628
 407 , 142.770565282098 , 1.33496915759436e-27 , 7 ,"1 -, 1236 K, 6 R","6 -, 1 E, 13315 K, 1 M, 3 Q, 1674 R, 4 T, 5 X",K,0.9943684633950121,0.11286561396495436,0.15651513232873243
 408 , 16187.7008887877 , 0 , 11 ,"2 -, 1233 A, 5 P, 3 T","6 -, 1 A, 352 E, 1 F, 1 G, 11177 K, 1 N, 1 P, 158 R, 3305 S, 2 T, 4 X",A,0.9919549477071601,0.9999333733093477,0.9955591441259588
 409 , 4.14920905834462 , 0.656492357412835 , 6 ,"2 -, 1241 G","6 -, 1 A, 2 E, 14994 G, 1 R, 1 V, 4 X",G,0.998390989541432,0.0009994003597841295,0.14200709463325323
 410 , 21.4777163996019 , 0.00312384454467497 , 7 ,"2 -, 1 K, 1 N, 1239 S","6 -, 2 G, 1 I, 1 N, 2 R, 14991 S, 6 X",S,0.996781979082864,0.0011992804317409553,0.14181880615807246
 411 , 12198.1464865194 , 0 , 11 ,"2 -, 1 A, 2 K, 1 M, 10 S, 1227 T","8 -, 2 F, 3 I, 7 N, 1 P, 14629 S, 354 T, 1 V, 4 X",T,0.9871279163314561,0.9764141515090945,0.8689801699716714
 412 , 16229.2551979579 , 0 , 7 ,"2 -, 1235 L, 3 P, 3 V","8 -, 14993 I, 3 M, 1 N, 4 X",L,0.9935639581657281,1.0,0.9967715899919289
 413 , 39.6201470753446 , 8.90199677176127e-06 , 9 ,"2 -, 2 C, 1 D, 1238 G","8 -, 1 A, 2 E, 14986 G, 5 R, 2 S, 1 W, 4 X",G,0.99597747385358,0.0015324138850023319,0.14175301998053472
 414 , 388.958117620212 , 4.30528188377603e-79 , 8 ,"2 -, 1241 K","10 -, 6 E, 11361 K, 1 L, 1 N, 3615 Q, 7 R, 5 T, 3 X",K,0.998390989541432,0.2430541674995003,0.1792704947634525
 415 , 3279.98723450364 , 0 , 7 ,"2 -, 1239 A, 2 S","10 -, 3493 A, 6 I, 168 L, 11328 M, 1 V, 3 X",A,0.996781979082864,0.7672729695516024,0.41472803347280335
 416 , 22.9631861737768 , 0.000808902733698116 , 6 ,"2 -, 1241 F","10 -, 1 C, 14742 F, 12 I, 237 L, 2 V, 5 X",F,0.998390989541432,0.017789326404157507,0.1440845233948682
 417 , 16087.1159812189 , 0 , 12 ,"2 -, 34 L, 1197 S, 10 T","10 -, 201 A, 11572 E, 6 G, 4 I, 2 K, 1 Q, 2 R, 3200 T, 8 V, 3 X",S,0.9629927594529365,1.0,0.9811475409836066
 418 , 1378.11680909327 , 7.26096503944765e-288 , 12 ,"2 -, 1 P, 1240 T","10 -, 6653 A, 2 G, 3 I, 1 K, 6 N, 1 P, 169 Q, 1 R, 1372 S, 6786 T, 2 V, 3 X",T,0.997586484312148,0.5478712772336598,0.26755852842809363
 419 , 68.9043049148353 , 6.85837017549596e-13 , 6 ,"2 -, 1 A, 1 I, 8 S, 1231 T","11 -, 1 A, 2 I, 5 P, 4 S, 14983 T, 3 X",T,0.9903459372485921,0.0017322939569591577,0.14103225067308242
 420 , 3727.05759771129 , 0 , 12 ,"2 -, 1237 L, 4 W","11 -, 6337 A, 1 E, 3 F, 3 I, 3038 L, 3781 M, 2 S, 4 T, 267 V, 187 W, 4 X, 1371 Y",L,0.995172968624296,0.7975881137983877,0.4483508517578833
 421 , 3434.3422730558 , 0 , 7 ,"2 -, 1240 K, 1 R","11 -, 1 G, 4 I, 3318 K, 5 Q, 11664 R, 2 S, 4 X",K,0.997586484312148,0.7789326404157505,0.4275124978451991
 422 , 97.9168476796646 , 2.90335798566607e-18 , 7 ,"2 -, 1232 G, 9 V","11 -, 1 A, 1 C, 14988 G, 1 P, 3 R, 1 V, 3 X",G,0.9911504424778761,0.0013991605036977814,0.1410983221668671
 423 , 7.06982823759673 , 0.529117837468206 , 8 ,"2 -, 1241 A","11 -, 14926 A, 1 E, 1 M, 1 P, 1 Q, 6 T, 58 V, 4 X",A,0.998390989541432,0.00553001532413885,0.14256174612291786
 424 , 3351.9826202706 , 0 , 5 ,"2 -, 1214 Q, 27 R","24 -, 168 E, 5236 K, 3231 Q, 6346 R, 4 X",Q,0.9766693483507642,0.7847291625024985,0.4268635724331927
 425 , 301.214307768396 , 5.49028065574651e-63 , 5 ,"2 -, 2 E, 25 K, 1214 R","24 -, 2 K, 14974 R, 2 T, 7 X",R,0.9766693483507642,0.0023319341728296355,0.1392920658596753
 426 , 3362.91572224647 , 0 , 10 ,"2 -, 1240 L, 1 W","24 -, 2 I, 1 K, 3399 L, 11572 M, 1 N, 1 R, 3 T, 1 V, 5 X",L,0.997586484312148,0.7735358784729163,0.42162529751785105
 427 , 154.61500640208 , 2.13427834047049e-29 , 8 ,"2 -, 1221 A, 1 E, 2 G, 1 T, 16 V","24 -, 14967 A, 2 P, 1 S, 1 T, 9 V, 5 X",A,0.9823008849557522,0.0027983210073955628,0.14009523263151855
 428 , 3751.68577677204 , 0 , 8 ,"2 -, 1241 A","25 -, 3038 A, 11312 I, 2 L, 1 N, 5 S, 2 T, 619 V, 5 X",A,0.998390989541432,0.7975881137983877,0.4494748279608837
 429 , 26.7003106924645 , 6.5241444958698e-05 , 5 ,"2 -, 1 I, 1240 L","25 -, 14809 L, 169 M, 1 S, 5 X",L,0.997586484312148,0.01332533813045506,0.14341892204487625
 430 , 0.667059683487927 , 0.955328136733809 , 4 ,"2 -, 1241 G","26 -, 2 E, 14975 G, 1 R, 5 X",G,0.998390989541432,0.0022653074821773604,0.14216163583252192
 431 , 128.209123771479 , 6.6486878182811e-24 , 8 ,"2 -, 1241 D","26 -, 4 A, 1 C, 13570 D, 1383 E, 15 G, 2 H, 3 N, 5 X",D,0.998390989541432,0.09587580784862416,0.1546032141522362
 432 , 1.99525624107347 , 0.960102457591794 , 7 ,"2 -, 8 A, 1233 T","26 -, 122 A, 6 I, 1 P, 3 S, 14842 T, 3 V, 6 X",T,0.9919549477071601,0.011126657338929976,0.1423951957500866
 433 , 73.5844999376004 , 7.50599602928765e-14 , 6 ,"2 -, 1234 A, 2 T, 5 V","26 -, 14973 A, 2 G, 1 P, 1 V, 6 X",A,0.9927594529364441,0.0023985608634819106,0.141432664756447
 434 , 0.830928226976382 , 0.975018843422637 , 5 ,"2 -, 1241 W","26 -, 1 C, 1 D, 2 R, 14973 W, 6 X",W,0.998390989541432,0.0023985608634819106,0.14217792289625938
 435 , 31.4422695215302 , 0.000248507709107174 , 9 ,"2 -, 2 A, 1238 D, 1 G","50 -, 14944 D, 1 E, 1 G, 1 H, 1 N, 2 V, 8 X, 1 Y",D,0.99597747385358,0.0043307348923978944,0.14209469153515064
 436 , 31.1364887884909 , 8.80355190686505e-06 , 5 ,"2 -, 1236 F, 4 L, 1 S","50 -, 14945 F, 1 I, 5 L, 8 X",F,0.9943684633950121,0.004264108201745619,0.1418732782369146
 437 , 14.5710983013545 , 0.00567868140915099 , 4 ,"2 -, 1241 G","50 -, 14798 G, 4 R, 149 S, 8 X",G,0.998390989541432,0.014058231727630089,0.14361763684758708
 438 , 14.0462367351948 , 0.00714893991144896 , 4 ,"2 -, 1 P, 1240 S","50 -, 3 F, 14948 S, 8 X",S,0.997586484312148,0.004064228129788793,0.14227525672652172
 439 , 2439.00050337743 , 0 , 9 ,"2 -, 1240 I, 1 V","51 -, 171 A, 1 F, 4513 I, 3592 L, 10 M, 1 P, 1 Q, 6661 V, 8 X",I,0.997586484312148,0.6993137450862815,0.3544882790165809
 440 , 1.87350359102107 , 0.599071806822413 , 3 ,"2 -, 1241 G","51 -, 14949 G, 1 R, 8 X",G,0.998390989541432,0.003997601439136518,0.14237365915218264
 441 , 27.4783875930525 , 4.67304776085612e-06 , 3 ,"2 -, 1238 G, 3 R","51 -, 14949 G, 1 R, 8 X",G,0.99597747385358,0.003997601439136518,0.14205393000573724
 442 , 175.697728041573 , 8.23557172252614e-34 , 8 ,"2 -, 3 A, 2 F, 4 I, 2 L, 1230 V","51 -, 246 A, 165 F, 1 G, 7 I, 1444 L, 27 M, 13058 V, 10 X",V,0.9895414320193081,0.1299886734625891,0.15839289163608267
 443 , 224.36783929203 , 1.21819301024649e-45 , 6 ,"2 -, 1227 F, 14 L","51 -, 1 A, 12365 F, 2579 L, 2 S, 1 V, 10 X",F,0.9871279163314561,0.1761609700846159,0.16541961577350858
 444 , 4523.01716455668 , 0 , 10 ,"2 -, 3 I, 1236 N, 1 S, 1 Y","51 -, 3 A, 2 I, 1 K, 1 M, 2484 N, 1 P, 12457 T, 9 X",N,0.9943684633950121,0.8344993004197482,0.4980858351803345
 445 , 25.9953969919243 , 3.17123116293366e-05 , 4 ,"2 -, 1 F, 1 P, 1239 S","52 -, 14949 S, 8 X",S,0.996781979082864,0.003997601439136518,0.1421605186162584
 446 , 3017.70087529403 , 0 , 9 ,"2 -, 1233 I, 1 L, 5 R, 2 V","54 -, 32 A, 20 F, 3782 I, 3662 L, 27 M, 4 T, 7419 V, 9 X",I,0.9919549477071601,0.7480178559530948,0.3940556088207095
 447 , 14.7778379861628 , 0.0220568283241325 , 6 ,"2 -, 1240 G, 1 W","55 -, 2 A, 1 E, 14938 G, 4 R, 9 X",G,0.997586484312148,0.004730495036311546,0.142356925549624
 448 , 494.974470473475 , 9.6462075515884e-103 , 7 ,"2 -, 1 E, 1198 K, 1 N, 35 R, 6 T","56 -, 1 E, 14940 K, 1 N, 1 Q, 1 R, 9 X",K,0.9637972646822205,0.004597241655006996,0.13785167711869284
 449 , 967.195618879835 , 2.17503160098307e-201 , 10 ,"2 -, 1241 A","56 -, 8189 A, 425 G, 5 I, 4285 L, 2027 M, 1 P, 5 S, 2 T, 3 V, 11 X",A,0.998390989541432,0.45439403024851754,0.23254942377963084
 450 , 402.082036112992 , 6.71729834256591e-82 , 8 ,"2 -, 1 G, 69 I, 1 L, 1170 V","56 -, 4 A, 752 I, 3615 L, 1 S, 1 T, 10570 V, 10 X",V,0.9412711182622687,0.29575587980545004,0.1802356928290842
 451 , 34.5557903636727 , 1.35524642471564e-05 , 7 ,"2 -, 1237 H, 1 L, 2 P, 1 T","56 -, 14937 H, 1 L, 1 N, 1 P, 11 X, 2 Y",H,0.995172968624296,0.004797121726963821,0.14204512832290292
 452 , 21.7901039701887 , 0.00276088542098953 , 7 ,"2 -, 1 H, 1240 Q","57 -, 1 H, 1 K, 5 M, 3 P, 14770 Q, 163 T, 9 X",Q,0.997586484312148,0.015923779065893796,0.14374311713904828
 453 , 693.895695637991 , 1.42784180872326e-145 , 7 ,"2 -, 1 A, 1240 V","57 -, 1 A, 1 F, 5458 I, 6 L, 2 T, 9474 V, 10 X",V,0.997586484312148,0.3687787327603438,0.2074098854227649
 454 , 20.6584649645318 , 0.00211257839144745 , 6 ,"2 -, 1237 F, 3 L, 1 W","57 -, 14931 F, 1 I, 8 L, 3 S, 9 X",F,0.995172968624296,0.005196881870877474,0.1420940784561484
 455 , 19.4985299002298 , 0.000627085555421283 , 4 ,"2 -, 1 A, 1239 G, 1 R","57 -, 14941 G, 1 R, 10 X",G,0.996781979082864,0.004530614964354721,0.142225793491362
 456 , 3572.24733258783 , 0 , 10 ,"2 -, 2 C, 1 D, 1237 G, 1 S","57 -, 3933 A, 3207 G, 1 P, 2 R, 3573 S, 4227 T, 1 V, 8 X",G,0.995172968624296,0.7863282030781531,0.4350272551433093
 457 , 608.101773884614 , 4.23991588099267e-126 , 8 ,"6 -, 1236 A, 1 E","57 -, 9960 A, 1 F, 3609 I, 1 N, 1 T, 1373 V, 7 X",A,0.9943684633950121,0.336398161103338,0.1987298014309832
 458 , 3117.46600567824 , 0 , 7 ,"6 -, 1236 F, 1 R","57 -, 3634 F, 2 H, 4 S, 1 V, 7 X, 11304 Y",F,0.9943684633950121,0.7578786061696315,0.40438409946016685
 459 , 3515.48460833202 , 0 , 10 ,"7 -, 1 K, 1234 R, 1 X","57 -, 1 A, 1 E, 7899 G, 257 K, 1 N, 169 Q, 3212 R, 2 S, 3402 T, 8 X",R,0.9927594529364441,0.7859950696248917,0.43381965195992267
 460 , 6379.78692798962 , 0 , 11 ,"7 -, 1 A, 1 M, 1 S, 1233 T","57 -, 5630 A, 169 G, 10 I, 65 L, 1 N, 1 R, 3212 S, 1562 T, 4295 V, 7 X",T,0.9919549477071601,0.895929109201146,0.6106983655274889
 461 , 597.958024084069 , 6.70231587654058e-125 , 7 ,"7 -, 1 I, 1235 L","58 -, 3609 A, 2 I, 9962 L, 1368 M, 1 T, 2 V, 7 X",L,0.9935639581657281,0.33626490772203343,0.1985530546623794
 462 , 87.904432389221 , 1.85082566650925e-17 , 5 ,"7 -, 1227 F, 1 I, 8 L","58 -, 14940 F, 2 L, 2 S, 7 X",F,0.9871279163314561,0.004597241655006996,0.14095347501435956
 463 , 2027.1970494919 , 0 , 8 ,"7 -, 1236 G","59 -, 1 C, 5196 G, 11 N, 1 P, 2 R, 9731 S, 1 T, 7 X",G,0.9943684633950121,0.6538077153707775,0.32208469055374594
 464 , 13.5539640339292 , 0.00886349901544399 , 4 ,"7 -, 1235 G, 1 R","59 -, 14942 G, 1 S, 7 X",G,0.9935639581657281,0.004463988273702446,0.1417910447761194
 465 , 3265.40062871821 , 0 , 4 ,"7 -, 1236 M","59 -, 170 L, 3465 M, 11308 V, 7 X",M,0.9943684633950121,0.7691385168898661,0.4158815612382234
 466 , 7.46062788123745 , 0.188573906582149 , 5 ,"7 -, 1236 S","60 -, 72 N, 1 P, 14868 S, 7 X, 1 Y",S,0.9943684633950121,0.009394363381970817,0.14250302645990662
 467 , 1.49768756557873 , 0.827051006963383 , 4 ,"7 -, 1236 W","61 -, 1 R, 14938 W, 8 X, 1 Y",W,0.9943684633950121,0.004730495036311546,0.14193029798472756
 468 , 2415.93570768664 , 0 , 11 ,"7 -, 1205 I, 1 M, 30 V","63 -, 3 A, 1 C, 257 F, 4290 I, 17 L, 1354 M, 2 P, 1 S, 7875 T, 1138 V, 8 X",I,0.9694288012872083,0.714171497101739,0.3576728999703176
 469 , 3351.53930471179 , 0 , 7 ,"7 -, 1236 T","63 -, 993 I, 2 L, 9922 M, 258 S, 3378 T, 386 V, 7 X",T,0.9943684633950121,0.774935038976614,0.4220590746115759
 470 , 3223.24470015332 , 0 , 4 ,"7 -, 1230 Q, 6 R","65 -, 10100 K, 3468 Q, 1370 R, 6 X",Q,0.9895414320193081,0.7689386368179093,0.4140717051001515
 471 , 3531.40820776566 , 0 , 9 ,"7 -, 1236 G","67 -, 1 A, 1 F, 3207 G, 11548 I, 3 L, 1 M, 3 T, 173 V, 5 X",G,0.9943684633950121,0.7863282030781531,0.4347520225114316
 472 , 1016.59627800648 , 4.97290607552025e-212 , 10 ,"7 -, 1224 L, 2 Q, 9 R, 1 V","70 -, 7 E, 6 F, 6316 G, 169 I, 8433 L, 2 M, 1 R, 5 X",L,0.9847144006436042,0.43813711772936237,0.22458715596330275
 473 , 14188.7560601457 , 0 , 6 ,"7 -, 1236 M","78 -, 11531 I, 3219 L, 157 M, 12 T, 7 V, 5 X",M,0.9943684633950121,0.9895396095675928,0.9377845220030349
 474 , 12.8222942158079 , 0.00503709752534189 , 3 ,"7 -, 1 A, 1235 G","82 -, 14918 G, 9 X",G,0.9935639581657281,0.006063028849357052,0.1419866636008278
 475 , 3207.78056294344 , 0 , 9 ,"7 -, 1224 A, 4 T, 8 V","92 -, 3442 A, 1 C, 1076 F, 1671 I, 293 L, 7 S, 262 T, 8161 V, 4 X",A,0.9847144006436042,0.7706709307748684,0.41428329666610253
 476 , 465.065732029493 , 1.72134608167464e-94 , 9 ,"7 -, 5 E, 1231 L","103 -, 2077 I, 11142 L, 1 M, 1 P, 1 S, 1 T, 1678 V, 5 X",L,0.9903459372485921,0.2576454127523486,0.18081668625146885
 477 , 599.859276384859 , 2.2450051525653e-123 , 9 ,"7 -, 1235 L, 1 P","104 -, 1 C, 1 H, 3584 I, 9939 L, 4 M, 1 P, 3 T, 1368 V, 4 X",L,0.9935639581657281,0.3377973216070358,0.19892083434001773
 478 , 2414.89743529304 , 0 , 11 ,"7 -, 1 F, 1233 L, 2 P","106 -, 1 A, 173 I, 4565 L, 226 M, 2 S, 9889 T, 42 V, 1 W, 4 X",L,0.9919549477071601,0.6958491571723633,0.35023434171282486
 479 , 1.83003187431954 , 0.934647933033727 , 6 ,"7 -, 1 R, 1235 W","108 -, 1 C, 1 L, 1 P, 5 R, 14887 W, 6 X",W,0.9935639581657281,0.008128456259577586,0.14224013820904116
 480 , 3520.67147125811 , 0 , 8 ,"7 -, 1 I, 1231 M, 1 R, 1 T, 2 V","108 -, 6967 I, 4549 L, 3209 M, 1 P, 171 V, 4 X",M,0.9903459372485921,0.7861949496968486,0.43322188984691185
 481 , 1.08730815313709 , 0.955220920441717 , 5 ,"7 -, 1236 G","109 -, 2 A, 1 E, 14892 G, 1 R, 4 X",G,0.9943684633950121,0.00779532280631621,0.14230614242127684
 482 , 15555.8810164215 , 0 , 8 ,"7 -, 36 I, 1 L, 1 T, 1198 V","111 -, 1 F, 3194 I, 6749 L, 3574 M, 1 S, 1369 T, 5 V, 5 X",V,0.9637972646822205,0.9996668665467386,0.9795584627964022
 483 , 16.9933896483776 , 0.0174388571500795 , 7 ,"7 -, 1235 N, 1 S","112 -, 2 D, 14693 N, 187 Q, 9 S, 1 T, 4 X, 1 Y",N,0.9935639581657281,0.021054034246118996,0.1438471842059286
 484 , 3537.33775336082 , 0 , 8 ,"7 -, 1235 A, 1 V","114 -, 3205 A, 2 L, 5 M, 1 P, 11250 S, 428 T, 4 X",A,0.9935639581657281,0.7864614564594576,0.4346295970438149
 485 , 244.282931717777 , 4.56166929087887e-49 , 7 ,"8 -, 1 G, 1 L, 1233 R","118 -, 1 H, 2272 K, 12611 R, 1 S, 6 X",R,0.9919549477071601,0.15977080418415618,0.16345197852455756
 486 , 3496.34006996242 , 0 , 9 ,"9 -, 1 B, 1226 D, 1 G, 5 N, 1 Y","121 -, 3207 D, 1 E, 2 G, 1 I, 3834 N, 7839 S, 4 X",D,0.9863234111021721,0.7863282030781531,0.4319943622269204
 487 , 3530.92814243235 , 0 , 10 ,"9 -, 1234 R","182 -, 29 A, 260 G, 16 I, 15 K, 180 M, 2 P, 3192 R, 1 S, 11127 T, 5 X",R,0.9927594529364441,0.7873276034379373,0.4353501499382607
 488 , 21.4105999875702 , 0.00154753536965576 , 6 ,"9 -, 1 L, 1233 S","184 -, 3 L, 32 P, 1 R, 14618 S, 167 T, 4 X",S,0.9919549477071601,0.026051036045039642,0.14426114426114425
 489 , 3242.47187491243 , 0 , 8 ,"9 -, 1232 I, 2 V","188 -, 30 F, 3463 I, 1 K, 7824 L, 3489 M, 3 P, 8 V, 3 X",I,0.9911504424778761,0.7692717702711707,0.4149545301448299
 490 , 2546.80900989558 , 0 , 7 ,"9 -, 1229 A, 5 D","203 -, 4374 A, 1 L, 1 P, 10426 S, 1 T, 3 X",A,0.9887369267900241,0.7085748550869478,0.35904177621969036
 491 , 3642.83474686228 , 0 , 10 ,"9 -, 1228 L, 4 M, 2 W","472 -, 3 A, 1982 F, 5 I, 3078 L, 5886 M, 1 R, 2 T, 3576 V, 4 X",L,0.9879324215607401,0.7949230461722966,0.4426022706794017
 492 , 15893.0972615154 , 0 , 8 ,"9 -, 1223 A, 11 V","475 -, 15 A, 2 G, 245 M, 1 P, 5939 S, 8327 T, 2 V, 3 X",A,0.9839098954143202,0.9990005996402159,0.9858927851672713
 493 , 4073.28271206332 , 0 , 6 ,"9 -, 1232 F, 2 L","480 -, 7861 C, 2735 F, 3759 L, 167 M, 2 S, 5 X",F,0.9911504424778761,0.8177760010660271,0.472936660268714
 494 , 3522.11998908537 , 0 , 10 ,"10 -, 1233 L","480 -, 2 A, 1 E, 2 F, 7727 I, 3191 L, 3 M, 1 N, 2 T, 3597 V, 3 X",L,0.9919549477071601,0.7873942301285896,0.4351508734780307
 495 , 574.375028062011 , 3.12820061242946e-115 , 12 ,"10 -, 1218 A, 1 P, 4 T, 10 V","526 -, 9888 A, 1 E, 1 G, 4 I, 3682 L, 3 M, 4 S, 17 T, 877 V, 1 W, 5 X",A,0.9798873692679002,0.3411952828303018,0.19726293627014332
 496 , 15093.7863291707 , 0 , 8 ,"10 -, 63 I, 1 L, 1169 T","527 -, 1 F, 1 G, 2000 I, 262 L, 5 M, 10 T, 12200 V, 3 X",T,0.9404666130329847,0.9993337330934773,0.9653179190751445
 497 , 27.4150779564237 , 1.6384434982545e-05 , 4 ,"10 -, 1233 G","534 -, 1 D, 14469 G, 2 R, 3 X",G,0.9919549477071601,0.035978412952228665,0.14552965476541752
 498 , 2398.60657951076 , 0 , 12 ,"10 -, 1231 G, 1 R, 1 S","536 -, 3 A, 4 F, 4546 G, 2938 I, 2674 L, 1600 M, 1 P, 2 T, 2702 V, 3 X",G,0.9903459372485921,0.6971150642947564,0.3507122507122507
 499 , 492.323228010536 , 2.5304044064721e-100 , 9 ,"10 -, 1 A, 2 I, 1 L, 2 T, 1227 V","538 -, 3 A, 1 F, 3824 I, 1 L, 2 M, 10636 V, 3 X, 1 Y",V,0.9871279163314561,0.2913585182223999,0.18724248435830917
 500 , 3563.81065948736 , 0 , 9 ,"10 -, 1233 L","574 -, 2 A, 1 F, 11 I, 3153 L, 196 M, 1 P, 2 S, 11066 T, 3 X",L,0.9919549477071601,0.789926044373376,0.43808847042103394
 501 , 15217.9376693757 , 0 , 10 ,"12 -, 2 A, 2 I, 14 L, 29 M, 1184 V","576 -, 428 I, 13810 L, 165 M, 1 P, 3 Q, 1 T, 21 V, 1 W, 3 X",V,0.9525341914722446,0.9986008394963022,0.9673202614379085
 502 , 2326.8039497607 , 0 , 6 ,"13 -, 1224 F, 5 S, 1 V","588 -, 4675 F, 2 H, 1 S, 5 X, 9738 Y",F,0.9847144006436042,0.688520221200613,0.3427611313357603
 503 , 82.3798795858152 , 5.43394275258142e-14 , 9 ,"13 -, 1 I, 1224 L, 5 S","599 -, 4 F, 1 I, 14391 L, 2 M, 2 P, 1 R, 1 S, 1 V, 7 X",L,0.9847144006436042,0.04117529482310613,0.14521295527346068
 504 , 13740.3324815735 , 0 , 7 ,"14 -, 1224 A, 1 D, 4 H","602 -, 189 A, 2 E, 11061 G, 3151 S, 4 X",A,0.9847144006436042,0.98740755546672,0.9216867469879518
 505 , 10065.8164415364 , 0 , 11 ,"25 -, 1 P, 1217 T","606 -, 2727 A, 1327 F, 1 G, 6 I, 160 L, 6 N, 4 S, 625 T, 9543 V, 4 X",T,0.9790828640386162,0.958358318342328,0.7889789303079416
 506 , 4002.03473906706 , 0 , 13 ,"25 -, 2 D, 1 H, 1 M, 1214 N","617 -, 260 A, 155 G, 4 I, 3 L, 7580 M, 2729 N, 188 S, 1335 T, 2132 V, 2 W, 4 X",N,0.9766693483507642,0.8181757612099407,0.4681835711531045
 507 , 47.5018623176806 , 3.16406584004316e-07 , 9 ,"25 -, 3 A, 1 G, 2 M, 1 S, 1211 V","630 -, 6 A, 2 C, 3 G, 6 I, 2 L, 2 M, 14354 V, 4 X",V,0.9742558326629123,0.043640482377240324,0.14409804854831032
 508 , 3606.51887776262 , 0 , 12 ,"28 -, 1207 H, 1 M, 1 N, 2 Q, 4 Y","782 -, 1 E, 154 G, 3011 H, 3 L, 10759 Q, 26 R, 259 S, 1 W, 6 X, 7 Y",H,0.9710378117457763,0.799387034445999,0.44204358176158215
 509 , 32.6442111132027 , 0.000600718568302876 , 11 ,"29 -, 1213 A, 1 L","849 -, 14127 A, 3 D, 1 F, 6 G, 1 L, 2 P, 1 R, 11 S, 2 T, 2 V, 4 X",A,0.9758648431214803,0.05876474115530682,0.14629439787734427
